11,-2,tbVRbEZPJ8YAYbx0VpP25ajYhYs=,zUt+h2RFLPY6I/NURpnx1rfujoI=
9,-2,tbVRbEZPJ8YAYbx0VpP25ajYhYs=,zUt+h2RFLPY6I/NURpnx1rfujoI=
9,-4,tbVRbEZPJ8YAYbx0VpP25ajYhYs=,zUt+h2RFLPY6I/NURpnx1rfujoI=
13,-6,tbVRbEZPJ8YAYbx0VpP25ajYhYs=,zUt+h2RFLPY6I/NURpnx1rfujoI=
9,-3,tbVRbEZPJ8YAYbx0VpP25ajYhYs=,zUt+h2RFLPY6I/NURpnx1rfujoI=
14,-3,tbVRbEZPJ8YAYbx0VpP25ajYhYs=,zUt+h2RFLPY6I/NURpnx1rfujoI=
13,-3,tbVRbEZPJ8YAYbx0VpP25ajYhYs=,zUt+h2RFLPY6I/NURpnx1rfujoI=
9,-5,tbVRbEZPJ8YAYbx0VpP25ajYhYs=,zUt+h2RFLPY6I/NURpnx1rfujoI=
12,-3,tbVRbEZPJ8YAYbx0VpP25ajYhYs=,zUt+h2RFLPY6I/NURpnx1rfujoI=
9,-6,tbVRbEZPJ8YAYbx0VpP25ajYhYs=,zUt+h2RFLPY6I/NURpnx1rfujoI=
14,-4,tbVRbEZPJ8YAYbx0VpP25ajYhYs=,zUt+h2RFLPY6I/NURpnx1rfujoI=
13,-7,tbVRbEZPJ8YAYbx0VpP25ajYhYs=,zUt+h2RFLPY6I/NURpnx1rfujoI=
12,-7,tbVRbEZPJ8YAYbx0VpP25ajYhYs=,zUt+h2RFLPY6I/NURpnx1rfujoI=
11,-7,tbVRbEZPJ8YAYbx0VpP25ajYhYs=,zUt+h2RFLPY6I/NURpnx1rfujoI=
12,-6,tbVRbEZPJ8YAYbx0VpP25ajYhYs=,zUt+h2RFLPY6I/NURpnx1rfujoI=
13,-4,tbVRbEZPJ8YAYbx0VpP25ajYhYs=,zUt+h2RFLPY6I/NURpnx1rfujoI=
9,-7,tbVRbEZPJ8YAYbx0VpP25ajYhYs=,zUt+h2RFLPY6I/NURpnx1rfujoI=
3,-15,tbVRbEZPJ8YAYbx0VpP25ajYhYs=,Nk+bfwbJ0a4IgOQmPzci21FWFEs=
3,-5,tbVRbEZPJ8YAYbx0VpP25ajYhYs=,TblwZs9MWRTwsfsQRtB91zH4b2I=
10,-2,tbVRbEZPJ8YAYbx0VpP25ajYhYs=,zUt+h2RFLPY6I/NURpnx1rfujoI=
3,-11,tbVRbEZPJ8YAYbx0VpP25ajYhYs=,Nk+bfwbJ0a4IgOQmPzci21FWFEs=
2,-5,tbVRbEZPJ8YAYbx0VpP25ajYhYs=,TblwZs9MWRTwsfsQRtB91zH4b2I=
14,-7,tbVRbEZPJ8YAYbx0VpP25ajYhYs=,zUt+h2RFLPY6I/NURpnx1rfujoI=
9,-9,tbVRbEZPJ8YAYbx0VpP25ajYhYs=,7Fk/gQtnHgVkO1XF25b/t3Kw+js=
3,-9,tbVRbEZPJ8YAYbx0VpP25ajYhYs=,Nk+bfwbJ0a4IgOQmPzci21FWFEs=
1,-5,tbVRbEZPJ8YAYbx0VpP25ajYhYs=,TblwZs9MWRTwsfsQRtB91zH4b2I=
14,-6,tbVRbEZPJ8YAYbx0VpP25ajYhYs=,zUt+h2RFLPY6I/NURpnx1rfujoI=
8,-9,tbVRbEZPJ8YAYbx0VpP25ajYhYs=,7Fk/gQtnHgVkO1XF25b/t3Kw+js=
2,-9,tbVRbEZPJ8YAYbx0VpP25ajYhYs=,Nk+bfwbJ0a4IgOQmPzci21FWFEs=
3,-6,tbVRbEZPJ8YAYbx0VpP25ajYhYs=,TblwZs9MWRTwsfsQRtB91zH4b2I=
14,-5,tbVRbEZPJ8YAYbx0VpP25ajYhYs=,zUt+h2RFLPY6I/NURpnx1rfujoI=
11,-9,tbVRbEZPJ8YAYbx0VpP25ajYhYs=,7Fk/gQtnHgVkO1XF25b/t3Kw+js=
2,-15,tbVRbEZPJ8YAYbx0VpP25ajYhYs=,Nk+bfwbJ0a4IgOQmPzci21FWFEs=
13,-5,tbVRbEZPJ8YAYbx0VpP25ajYhYs=,zUt+h2RFLPY6I/NURpnx1rfujoI=
7,-6,tbVRbEZPJ8YAYbx0VpP25ajYhYs=,TblwZs9MWRTwsfsQRtB91zH4b2I=
11,-14,tbVRbEZPJ8YAYbx0VpP25ajYhYs=,7Fk/gQtnHgVkO1XF25b/t3Kw+js=
1,-9,tbVRbEZPJ8YAYbx0VpP25ajYhYs=,Nk+bfwbJ0a4IgOQmPzci21FWFEs=
12,-5,tbVRbEZPJ8YAYbx0VpP25ajYhYs=,zUt+h2RFLPY6I/NURpnx1rfujoI=
3,-3,tbVRbEZPJ8YAYbx0VpP25ajYhYs=,TblwZs9MWRTwsfsQRtB91zH4b2I=
11,-13,tbVRbEZPJ8YAYbx0VpP25ajYhYs=,7Fk/gQtnHgVkO1XF25b/t3Kw+js=
1,-15,tbVRbEZPJ8YAYbx0VpP25ajYhYs=,Nk+bfwbJ0a4IgOQmPzci21FWFEs=
11,-5,tbVRbEZPJ8YAYbx0VpP25ajYhYs=,zUt+h2RFLPY6I/NURpnx1rfujoI=
2,-6,tbVRbEZPJ8YAYbx0VpP25ajYhYs=,TblwZs9MWRTwsfsQRtB91zH4b2I=
11,-11,tbVRbEZPJ8YAYbx0VpP25ajYhYs=,7Fk/gQtnHgVkO1XF25b/t3Kw+js=
3,-8,tbVRbEZPJ8YAYbx0VpP25ajYhYs=,TblwZs9MWRTwsfsQRtB91zH4b2I=
11,-3,tbVRbEZPJ8YAYbx0VpP25ajYhYs=,zUt+h2RFLPY6I/NURpnx1rfujoI=
1,-6,tbVRbEZPJ8YAYbx0VpP25ajYhYs=,TblwZs9MWRTwsfsQRtB91zH4b2I=
10,-14,tbVRbEZPJ8YAYbx0VpP25ajYhYs=,7Fk/gQtnHgVkO1XF25b/t3Kw+js=
6,-10,tbVRbEZPJ8YAYbx0VpP25ajYhYs=,Nk+bfwbJ0a4IgOQmPzci21FWFEs=
10,-7,tbVRbEZPJ8YAYbx0VpP25ajYhYs=,zUt+h2RFLPY6I/NURpnx1rfujoI=
7,-7,tbVRbEZPJ8YAYbx0VpP25ajYhYs=,TblwZs9MWRTwsfsQRtB91zH4b2I=
7,-10,tbVRbEZPJ8YAYbx0VpP25ajYhYs=,Nk+bfwbJ0a4IgOQmPzci21FWFEs=
5,-10,tbVRbEZPJ8YAYbx0VpP25ajYhYs=,Nk+bfwbJ0a4IgOQmPzci21FWFEs=
6,-7,tbVRbEZPJ8YAYbx0VpP25ajYhYs=,TblwZs9MWRTwsfsQRtB91zH4b2I=
10,-3,tbVRbEZPJ8YAYbx0VpP25ajYhYs=,zUt+h2RFLPY6I/NURpnx1rfujoI=
9,-14,tbVRbEZPJ8YAYbx0VpP25ajYhYs=,7Fk/gQtnHgVkO1XF25b/t3Kw+js=
4,-10,tbVRbEZPJ8YAYbx0VpP25ajYhYs=,Nk+bfwbJ0a4IgOQmPzci21FWFEs=
5,-7,tbVRbEZPJ8YAYbx0VpP25ajYhYs=,TblwZs9MWRTwsfsQRtB91zH4b2I=
10,-5,tbVRbEZPJ8YAYbx0VpP25ajYhYs=,zUt+h2RFLPY6I/NURpnx1rfujoI=
8,-14,tbVRbEZPJ8YAYbx0VpP25ajYhYs=,7Fk/gQtnHgVkO1XF25b/t3Kw+js=
3,-10,tbVRbEZPJ8YAYbx0VpP25ajYhYs=,Nk+bfwbJ0a4IgOQmPzci21FWFEs=
4,-7,tbVRbEZPJ8YAYbx0VpP25ajYhYs=,TblwZs9MWRTwsfsQRtB91zH4b2I=
14,-2,tbVRbEZPJ8YAYbx0VpP25ajYhYs=,zUt+h2RFLPY6I/NURpnx1rfujoI=
7,-13,tbVRbEZPJ8YAYbx0VpP25ajYhYs=,Nk+bfwbJ0a4IgOQmPzci21FWFEs=
3,-12,tbVRbEZPJ8YAYbx0VpP25ajYhYs=,Nk+bfwbJ0a4IgOQmPzci21FWFEs=
12,-4,tbVRbEZPJ8YAYbx0VpP25ajYhYs=,zUt+h2RFLPY6I/NURpnx1rfujoI=
3,-7,tbVRbEZPJ8YAYbx0VpP25ajYhYs=,TblwZs9MWRTwsfsQRtB91zH4b2I=
7,-12,tbVRbEZPJ8YAYbx0VpP25ajYhYs=,Nk+bfwbJ0a4IgOQmPzci21FWFEs=
2,-11,tbVRbEZPJ8YAYbx0VpP25ajYhYs=,Nk+bfwbJ0a4IgOQmPzci21FWFEs=
6,-6,tbVRbEZPJ8YAYbx0VpP25ajYhYs=,TblwZs9MWRTwsfsQRtB91zH4b2I=
11,-6,tbVRbEZPJ8YAYbx0VpP25ajYhYs=,zUt+h2RFLPY6I/NURpnx1rfujoI=
7,-11,tbVRbEZPJ8YAYbx0VpP25ajYhYs=,Nk+bfwbJ0a4IgOQmPzci21FWFEs=
2,-8,tbVRbEZPJ8YAYbx0VpP25ajYhYs=,TblwZs9MWRTwsfsQRtB91zH4b2I=
2,-3,tbVRbEZPJ8YAYbx0VpP25ajYhYs=,TblwZs9MWRTwsfsQRtB91zH4b2I=
13,-2,tbVRbEZPJ8YAYbx0VpP25ajYhYs=,zUt+h2RFLPY6I/NURpnx1rfujoI=
10,-13,tbVRbEZPJ8YAYbx0VpP25ajYhYs=,7Fk/gQtnHgVkO1XF25b/t3Kw+js=
2,-12,tbVRbEZPJ8YAYbx0VpP25ajYhYs=,Nk+bfwbJ0a4IgOQmPzci21FWFEs=
11,-4,tbVRbEZPJ8YAYbx0VpP25ajYhYs=,zUt+h2RFLPY6I/NURpnx1rfujoI=
2,-7,tbVRbEZPJ8YAYbx0VpP25ajYhYs=,TblwZs9MWRTwsfsQRtB91zH4b2I=
7,-9,tbVRbEZPJ8YAYbx0VpP25ajYhYs=,Nk+bfwbJ0a4IgOQmPzci21FWFEs=
1,-8,tbVRbEZPJ8YAYbx0VpP25ajYhYs=,TblwZs9MWRTwsfsQRtB91zH4b2I=
10,-4,tbVRbEZPJ8YAYbx0VpP25ajYhYs=,zUt+h2RFLPY6I/NURpnx1rfujoI=
1,-7,tbVRbEZPJ8YAYbx0VpP25ajYhYs=,TblwZs9MWRTwsfsQRtB91zH4b2I=
11,-12,tbVRbEZPJ8YAYbx0VpP25ajYhYs=,7Fk/gQtnHgVkO1XF25b/t3Kw+js=
1,-12,tbVRbEZPJ8YAYbx0VpP25ajYhYs=,Nk+bfwbJ0a4IgOQmPzci21FWFEs=
1,-3,tbVRbEZPJ8YAYbx0VpP25ajYhYs=,TblwZs9MWRTwsfsQRtB91zH4b2I=
10,-6,tbVRbEZPJ8YAYbx0VpP25ajYhYs=,zUt+h2RFLPY6I/NURpnx1rfujoI=
9,-8,tbVRbEZPJ8YAYbx0VpP25ajYhYs=,zUt+h2RFLPY6I/NURpnx1rfujoI=
1,-11,tbVRbEZPJ8YAYbx0VpP25ajYhYs=,Nk+bfwbJ0a4IgOQmPzci21FWFEs=
12,-2,tbVRbEZPJ8YAYbx0VpP25ajYhYs=,zUt+h2RFLPY6I/NURpnx1rfujoI=
3,-2,tbVRbEZPJ8YAYbx0VpP25ajYhYs=,TblwZs9MWRTwsfsQRtB91zH4b2I=
14,-11,tbVRbEZPJ8YAYbx0VpP25ajYhYs=,7Fk/gQtnHgVkO1XF25b/t3Kw+js=
2,-10,tbVRbEZPJ8YAYbx0VpP25ajYhYs=,Nk+bfwbJ0a4IgOQmPzci21FWFEs=
15,-3,tbVRbEZPJ8YAYbx0VpP25ajYhYs=,zUt+h2RFLPY6I/NURpnx1rfujoI=
2,-2,tbVRbEZPJ8YAYbx0VpP25ajYhYs=,TblwZs9MWRTwsfsQRtB91zH4b2I=
10,-9,tbVRbEZPJ8YAYbx0VpP25ajYhYs=,7Fk/gQtnHgVkO1XF25b/t3Kw+js=
1,-10,tbVRbEZPJ8YAYbx0VpP25ajYhYs=,Nk+bfwbJ0a4IgOQmPzci21FWFEs=
7,-2,tbVRbEZPJ8YAYbx0VpP25ajYhYs=,TblwZs9MWRTwsfsQRtB91zH4b2I=
15,-4,tbVRbEZPJ8YAYbx0VpP25ajYhYs=,zUt+h2RFLPY6I/NURpnx1rfujoI=
14,-13,tbVRbEZPJ8YAYbx0VpP25ajYhYs=,7Fk/gQtnHgVkO1XF25b/t3Kw+js=
6,-13,tbVRbEZPJ8YAYbx0VpP25ajYhYs=,Nk+bfwbJ0a4IgOQmPzci21FWFEs=
15,-7,tbVRbEZPJ8YAYbx0VpP25ajYhYs=,zUt+h2RFLPY6I/NURpnx1rfujoI=
6,-2,tbVRbEZPJ8YAYbx0VpP25ajYhYs=,TblwZs9MWRTwsfsQRtB91zH4b2I=
13,-11,tbVRbEZPJ8YAYbx0VpP25ajYhYs=,7Fk/gQtnHgVkO1XF25b/t3Kw+js=
6,-12,tbVRbEZPJ8YAYbx0VpP25ajYhYs=,Nk+bfwbJ0a4IgOQmPzci21FWFEs=
5,-2,tbVRbEZPJ8YAYbx0VpP25ajYhYs=,TblwZs9MWRTwsfsQRtB91zH4b2I=
15,-6,tbVRbEZPJ8YAYbx0VpP25ajYhYs=,zUt+h2RFLPY6I/NURpnx1rfujoI=
10,-11,tbVRbEZPJ8YAYbx0VpP25ajYhYs=,7Fk/gQtnHgVkO1XF25b/t3Kw+js=
5,-12,tbVRbEZPJ8YAYbx0VpP25ajYhYs=,Nk+bfwbJ0a4IgOQmPzci21FWFEs=
15,-5,tbVRbEZPJ8YAYbx0VpP25ajYhYs=,zUt+h2RFLPY6I/NURpnx1rfujoI=
4,-2,tbVRbEZPJ8YAYbx0VpP25ajYhYs=,TblwZs9MWRTwsfsQRtB91zH4b2I=
10,-12,tbVRbEZPJ8YAYbx0VpP25ajYhYs=,7Fk/gQtnHgVkO1XF25b/t3Kw+js=
4,-12,tbVRbEZPJ8YAYbx0VpP25ajYhYs=,Nk+bfwbJ0a4IgOQmPzci21FWFEs=
8,-3,tbVRbEZPJ8YAYbx0VpP25ajYhYs=,zUt+h2RFLPY6I/NURpnx1rfujoI=
15,-2,tbVRbEZPJ8YAYbx0VpP25ajYhYs=,zUt+h2RFLPY6I/NURpnx1rfujoI=
9,-11,tbVRbEZPJ8YAYbx0VpP25ajYhYs=,7Fk/gQtnHgVkO1XF25b/t3Kw+js=
5,-13,tbVRbEZPJ8YAYbx0VpP25ajYhYs=,Nk+bfwbJ0a4IgOQmPzci21FWFEs=
8,-6,tbVRbEZPJ8YAYbx0VpP25ajYhYs=,zUt+h2RFLPY6I/NURpnx1rfujoI=
15,-10,tbVRbEZPJ8YAYbx0VpP25ajYhYs=,7Fk/gQtnHgVkO1XF25b/t3Kw+js=
11,-10,tbVRbEZPJ8YAYbx0VpP25ajYhYs=,7Fk/gQtnHgVkO1XF25b/t3Kw+js=
6,-9,tbVRbEZPJ8YAYbx0VpP25ajYhYs=,Nk+bfwbJ0a4IgOQmPzci21FWFEs=
8,-2,tbVRbEZPJ8YAYbx0VpP25ajYhYs=,zUt+h2RFLPY6I/NURpnx1rfujoI=
10,-10,tbVRbEZPJ8YAYbx0VpP25ajYhYs=,7Fk/gQtnHgVkO1XF25b/t3Kw+js=
15,-13,tbVRbEZPJ8YAYbx0VpP25ajYhYs=,7Fk/gQtnHgVkO1XF25b/t3Kw+js=
6,-11,tbVRbEZPJ8YAYbx0VpP25ajYhYs=,Nk+bfwbJ0a4IgOQmPzci21FWFEs=
5,-6,tbVRbEZPJ8YAYbx0VpP25ajYhYs=,TblwZs9MWRTwsfsQRtB91zH4b2I=
9,-13,tbVRbEZPJ8YAYbx0VpP25ajYhYs=,7Fk/gQtnHgVkO1XF25b/t3Kw+js=
15,-15,tbVRbEZPJ8YAYbx0VpP25ajYhYs=,7Fk/gQtnHgVkO1XF25b/t3Kw+js=
5,-9,tbVRbEZPJ8YAYbx0VpP25ajYhYs=,Nk+bfwbJ0a4IgOQmPzci21FWFEs=
1,-2,tbVRbEZPJ8YAYbx0VpP25ajYhYs=,TblwZs9MWRTwsfsQRtB91zH4b2I=
14,-10,tbVRbEZPJ8YAYbx0VpP25ajYhYs=,7Fk/gQtnHgVkO1XF25b/t3Kw+js=
15,-11,tbVRbEZPJ8YAYbx0VpP25ajYhYs=,7Fk/gQtnHgVkO1XF25b/t3Kw+js=
5,-11,tbVRbEZPJ8YAYbx0VpP25ajYhYs=,Nk+bfwbJ0a4IgOQmPzci21FWFEs=
7,-3,tbVRbEZPJ8YAYbx0VpP25ajYhYs=,TblwZs9MWRTwsfsQRtB91zH4b2I=
15,-12,tbVRbEZPJ8YAYbx0VpP25ajYhYs=,7Fk/gQtnHgVkO1XF25b/t3Kw+js=
13,-10,tbVRbEZPJ8YAYbx0VpP25ajYhYs=,7Fk/gQtnHgVkO1XF25b/t3Kw+js=
4,-11,tbVRbEZPJ8YAYbx0VpP25ajYhYs=,Nk+bfwbJ0a4IgOQmPzci21FWFEs=
4,-6,tbVRbEZPJ8YAYbx0VpP25ajYhYs=,TblwZs9MWRTwsfsQRtB91zH4b2I=
12,-10,tbVRbEZPJ8YAYbx0VpP25ajYhYs=,7Fk/gQtnHgVkO1XF25b/t3Kw+js=
15,-14,tbVRbEZPJ8YAYbx0VpP25ajYhYs=,7Fk/gQtnHgVkO1XF25b/t3Kw+js=
4,-9,tbVRbEZPJ8YAYbx0VpP25ajYhYs=,Nk+bfwbJ0a4IgOQmPzci21FWFEs=
6,-3,tbVRbEZPJ8YAYbx0VpP25ajYhYs=,TblwZs9MWRTwsfsQRtB91zH4b2I=
11,-8,tbVRbEZPJ8YAYbx0VpP25ajYhYs=,zUt+h2RFLPY6I/NURpnx1rfujoI=
15,-8,tbVRbEZPJ8YAYbx0VpP25ajYhYs=,zUt+h2RFLPY6I/NURpnx1rfujoI=
6,-8,tbVRbEZPJ8YAYbx0VpP25ajYhYs=,TblwZs9MWRTwsfsQRtB91zH4b2I=
5,-3,tbVRbEZPJ8YAYbx0VpP25ajYhYs=,TblwZs9MWRTwsfsQRtB91zH4b2I=
8,-11,tbVRbEZPJ8YAYbx0VpP25ajYhYs=,7Fk/gQtnHgVkO1XF25b/t3Kw+js=
15,-9,tbVRbEZPJ8YAYbx0VpP25ajYhYs=,7Fk/gQtnHgVkO1XF25b/t3Kw+js=
5,-8,tbVRbEZPJ8YAYbx0VpP25ajYhYs=,TblwZs9MWRTwsfsQRtB91zH4b2I=
4,-3,tbVRbEZPJ8YAYbx0VpP25ajYhYs=,TblwZs9MWRTwsfsQRtB91zH4b2I=
9,-10,tbVRbEZPJ8YAYbx0VpP25ajYhYs=,7Fk/gQtnHgVkO1XF25b/t3Kw+js=
11,-16,tbVRbEZPJ8YAYbx0VpP25ajYhYs=,7Fk/gQtnHgVkO1XF25b/t3Kw+js=
4,-8,tbVRbEZPJ8YAYbx0VpP25ajYhYs=,TblwZs9MWRTwsfsQRtB91zH4b2I=
7,-4,tbVRbEZPJ8YAYbx0VpP25ajYhYs=,TblwZs9MWRTwsfsQRtB91zH4b2I=
10,-16,tbVRbEZPJ8YAYbx0VpP25ajYhYs=,7Fk/gQtnHgVkO1XF25b/t3Kw+js=
8,-10,tbVRbEZPJ8YAYbx0VpP25ajYhYs=,7Fk/gQtnHgVkO1XF25b/t3Kw+js=
3,-14,tbVRbEZPJ8YAYbx0VpP25ajYhYs=,Nk+bfwbJ0a4IgOQmPzci21FWFEs=
6,-4,tbVRbEZPJ8YAYbx0VpP25ajYhYs=,TblwZs9MWRTwsfsQRtB91zH4b2I=
13,-13,tbVRbEZPJ8YAYbx0VpP25ajYhYs=,7Fk/gQtnHgVkO1XF25b/t3Kw+js=
9,-16,tbVRbEZPJ8YAYbx0VpP25ajYhYs=,7Fk/gQtnHgVkO1XF25b/t3Kw+js=
2,-14,T24d+6AIV4scwQokVKLN4A7y2z4=,Nk+bfwbJ0a4IgOQmPzci21FWFEs=
5,-4,T24d+6AIV4scwQokVKLN4A7y2z4=,TblwZs9MWRTwsfsQRtB91zH4b2I=
13,-8,T24d+6AIV4scwQokVKLN4A7y2z4=,zUt+h2RFLPY6I/NURpnx1rfujoI=
14,-16,T24d+6AIV4scwQokVKLN4A7y2z4=,7Fk/gQtnHgVkO1XF25b/t3Kw+js=
4,-13,T24d+6AIV4scwQokVKLN4A7y2z4=,Nk+bfwbJ0a4IgOQmPzci21FWFEs=
4,-4,T24d+6AIV4scwQokVKLN4A7y2z4=,TblwZs9MWRTwsfsQRtB91zH4b2I=
14,-15,T24d+6AIV4scwQokVKLN4A7y2z4=,7Fk/gQtnHgVkO1XF25b/t3Kw+js=
13,-16,T24d+6AIV4scwQokVKLN4A7y2z4=,7Fk/gQtnHgVkO1XF25b/t3Kw+js=
3,-13,T24d+6AIV4scwQokVKLN4A7y2z4=,Nk+bfwbJ0a4IgOQmPzci21FWFEs=
3,-4,T24d+6AIV4scwQokVKLN4A7y2z4=,TblwZs9MWRTwsfsQRtB91zH4b2I=
12,-16,T24d+6AIV4scwQokVKLN4A7y2z4=,7Fk/gQtnHgVkO1XF25b/t3Kw+js=
12,-13,T24d+6AIV4scwQokVKLN4A7y2z4=,7Fk/gQtnHgVkO1XF25b/t3Kw+js=
2,-13,T24d+6AIV4scwQokVKLN4A7y2z4=,Nk+bfwbJ0a4IgOQmPzci21FWFEs=
2,-4,T24d+6AIV4scwQokVKLN4A7y2z4=,TblwZs9MWRTwsfsQRtB91zH4b2I=
8,-13,T24d+6AIV4scwQokVKLN4A7y2z4=,7Fk/gQtnHgVkO1XF25b/t3Kw+js=
7,-16,T24d+6AIV4scwQokVKLN4A7y2z4=,Nk+bfwbJ0a4IgOQmPzci21FWFEs=
1,-13,T24d+6AIV4scwQokVKLN4A7y2z4=,Nk+bfwbJ0a4IgOQmPzci21FWFEs=
1,-4,T24d+6AIV4scwQokVKLN4A7y2z4=,TblwZs9MWRTwsfsQRtB91zH4b2I=
6,-16,T24d+6AIV4scwQokVKLN4A7y2z4=,Nk+bfwbJ0a4IgOQmPzci21FWFEs=
9,-12,T24d+6AIV4scwQokVKLN4A7y2z4=,7Fk/gQtnHgVkO1XF25b/t3Kw+js=
6,-14,T24d+6AIV4scwQokVKLN4A7y2z4=,Nk+bfwbJ0a4IgOQmPzci21FWFEs=
7,-5,T24d+6AIV4scwQokVKLN4A7y2z4=,TblwZs9MWRTwsfsQRtB91zH4b2I=
8,-12,T24d+6AIV4scwQokVKLN4A7y2z4=,7Fk/gQtnHgVkO1XF25b/t3Kw+js=
5,-16,T24d+6AIV4scwQokVKLN4A7y2z4=,Nk+bfwbJ0a4IgOQmPzci21FWFEs=
5,-14,T24d+6AIV4scwQokVKLN4A7y2z4=,Nk+bfwbJ0a4IgOQmPzci21FWFEs=
6,-5,T24d+6AIV4scwQokVKLN4A7y2z4=,TblwZs9MWRTwsfsQRtB91zH4b2I=
13,-15,T24d+6AIV4scwQokVKLN4A7y2z4=,7Fk/gQtnHgVkO1XF25b/t3Kw+js=
4,-16,T24d+6AIV4scwQokVKLN4A7y2z4=,Nk+bfwbJ0a4IgOQmPzci21FWFEs=
4,-14,T24d+6AIV4scwQokVKLN4A7y2z4=,Nk+bfwbJ0a4IgOQmPzci21FWFEs=
5,-5,T24d+6AIV4scwQokVKLN4A7y2z4=,TblwZs9MWRTwsfsQRtB91zH4b2I=
11,-15,T24d+6AIV4scwQokVKLN4A7y2z4=,7Fk/gQtnHgVkO1XF25b/t3Kw+js=
3,-16,T24d+6AIV4scwQokVKLN4A7y2z4=,Nk+bfwbJ0a4IgOQmPzci21FWFEs=
1,-14,T24d+6AIV4scwQokVKLN4A7y2z4=,Nk+bfwbJ0a4IgOQmPzci21FWFEs=
4,-5,T24d+6AIV4scwQokVKLN4A7y2z4=,TblwZs9MWRTwsfsQRtB91zH4b2I=
2,-16,T24d+6AIV4scwQokVKLN4A7y2z4=,Nk+bfwbJ0a4IgOQmPzci21FWFEs=
14,-12,T24d+6AIV4scwQokVKLN4A7y2z4=,7Fk/gQtnHgVkO1XF25b/t3Kw+js=
6,-15,T24d+6AIV4scwQokVKLN4A7y2z4=,Nk+bfwbJ0a4IgOQmPzci21FWFEs=
8,-4,T24d+6AIV4scwQokVKLN4A7y2z4=,zUt+h2RFLPY6I/NURpnx1rfujoI=
13,-12,T24d+6AIV4scwQokVKLN4A7y2z4=,7Fk/gQtnHgVkO1XF25b/t3Kw+js=
1,-16,T24d+6AIV4scwQokVKLN4A7y2z4=,Nk+bfwbJ0a4IgOQmPzci21FWFEs=
5,-15,T24d+6AIV4scwQokVKLN4A7y2z4=,Nk+bfwbJ0a4IgOQmPzci21FWFEs=
8,-7,T24d+6AIV4scwQokVKLN4A7y2z4=,zUt+h2RFLPY6I/NURpnx1rfujoI=
10,-15,T24d+6AIV4scwQokVKLN4A7y2z4=,7Fk/gQtnHgVkO1XF25b/t3Kw+js=
8,-16,T24d+6AIV4scwQokVKLN4A7y2z4=,7Fk/gQtnHgVkO1XF25b/t3Kw+js=
4,-15,T24d+6AIV4scwQokVKLN4A7y2z4=,Nk+bfwbJ0a4IgOQmPzci21FWFEs=
8,-5,T24d+6AIV4scwQokVKLN4A7y2z4=,zUt+h2RFLPY6I/NURpnx1rfujoI=
0,-15,T24d+6AIV4scwQokVKLN4A7y2z4=,Nk+bfwbJ0a4IgOQmPzci21FWFEs=
7,-8,T24d+6AIV4scwQokVKLN4A7y2z4=,TblwZs9MWRTwsfsQRtB91zH4b2I=
0,-5,T24d+6AIV4scwQokVKLN4A7y2z4=,TblwZs9MWRTwsfsQRtB91zH4b2I=
6,-1,T24d+6AIV4scwQokVKLN4A7y2z4=,TblwZs9MWRTwsfsQRtB91zH4b2I=
12,-12,T24d+6AIV4scwQokVKLN4A7y2z4=,7Fk/gQtnHgVkO1XF25b/t3Kw+js=
0,-12,T24d+6AIV4scwQokVKLN4A7y2z4=,Nk+bfwbJ0a4IgOQmPzci21FWFEs=
0,-9,T24d+6AIV4scwQokVKLN4A7y2z4=,Nk+bfwbJ0a4IgOQmPzci21FWFEs=
5,-1,T24d+6AIV4scwQokVKLN4A7y2z4=,TblwZs9MWRTwsfsQRtB91zH4b2I=
0,-11,T24d+6AIV4scwQokVKLN4A7y2z4=,Nk+bfwbJ0a4IgOQmPzci21FWFEs=
14,-14,T24d+6AIV4scwQokVKLN4A7y2z4=,7Fk/gQtnHgVkO1XF25b/t3Kw+js=
0,-6,T24d+6AIV4scwQokVKLN4A7y2z4=,TblwZs9MWRTwsfsQRtB91zH4b2I=
3,-1,T24d+6AIV4scwQokVKLN4A7y2z4=,TblwZs9MWRTwsfsQRtB91zH4b2I=
12,-11,T24d+6AIV4scwQokVKLN4A7y2z4=,7Fk/gQtnHgVkO1XF25b/t3Kw+js=
0,-10,T24d+6AIV4scwQokVKLN4A7y2z4=,Nk+bfwbJ0a4IgOQmPzci21FWFEs=
0,-8,T24d+6AIV4scwQokVKLN4A7y2z4=,TblwZs9MWRTwsfsQRtB91zH4b2I=
4,-1,T24d+6AIV4scwQokVKLN4A7y2z4=,TblwZs9MWRTwsfsQRtB91zH4b2I=
0,-13,T24d+6AIV4scwQokVKLN4A7y2z4=,Nk+bfwbJ0a4IgOQmPzci21FWFEs=
10,-8,T24d+6AIV4scwQokVKLN4A7y2z4=,zUt+h2RFLPY6I/NURpnx1rfujoI=
0,-7,T24d+6AIV4scwQokVKLN4A7y2z4=,TblwZs9MWRTwsfsQRtB91zH4b2I=
2,-1,T24d+6AIV4scwQokVKLN4A7y2z4=,TblwZs9MWRTwsfsQRtB91zH4b2I=
0,-14,T24d+6AIV4scwQokVKLN4A7y2z4=,Nk+bfwbJ0a4IgOQmPzci21FWFEs=
12,-8,T24d+6AIV4scwQokVKLN4A7y2z4=,zUt+h2RFLPY6I/NURpnx1rfujoI=
0,-3,T24d+6AIV4scwQokVKLN4A7y2z4=,TblwZs9MWRTwsfsQRtB91zH4b2I=
1,-1,T24d+6AIV4scwQokVKLN4A7y2z4=,TblwZs9MWRTwsfsQRtB91zH4b2I=
7,-1,T24d+6AIV4scwQokVKLN4A7y2z4=,TblwZs9MWRTwsfsQRtB91zH4b2I=
8,-8,T24d+6AIV4scwQokVKLN4A7y2z4=,zUt+h2RFLPY6I/NURpnx1rfujoI=
0,-2,T24d+6AIV4scwQokVKLN4A7y2z4=,TblwZs9MWRTwsfsQRtB91zH4b2I=
0,-16,T24d+6AIV4scwQokVKLN4A7y2z4=,Nk+bfwbJ0a4IgOQmPzci21FWFEs=
13,-14,T24d+6AIV4scwQokVKLN4A7y2z4=,7Fk/gQtnHgVkO1XF25b/t3Kw+js=
14,-1,T24d+6AIV4scwQokVKLN4A7y2z4=,zUt+h2RFLPY6I/NURpnx1rfujoI=
0,-4,T24d+6AIV4scwQokVKLN4A7y2z4=,TblwZs9MWRTwsfsQRtB91zH4b2I=
0,-1,T24d+6AIV4scwQokVKLN4A7y2z4=,TblwZs9MWRTwsfsQRtB91zH4b2I=
9,-15,T24d+6AIV4scwQokVKLN4A7y2z4=,7Fk/gQtnHgVkO1XF25b/t3Kw+js=
13,-1,T24d+6AIV4scwQokVKLN4A7y2z4=,zUt+h2RFLPY6I/NURpnx1rfujoI=
15,-1,T24d+6AIV4scwQokVKLN4A7y2z4=,zUt+h2RFLPY6I/NURpnx1rfujoI=
12,-1,T24d+6AIV4scwQokVKLN4A7y2z4=,zUt+h2RFLPY6I/NURpnx1rfujoI=
15,-16,T24d+6AIV4scwQokVKLN4A7y2z4=,7Fk/gQtnHgVkO1XF25b/t3Kw+js=
8,-15,T24d+6AIV4scwQokVKLN4A7y2z4=,7Fk/gQtnHgVkO1XF25b/t3Kw+js=
12,-14,T24d+6AIV4scwQokVKLN4A7y2z4=,7Fk/gQtnHgVkO1XF25b/t3Kw+js=
11,-1,T24d+6AIV4scwQokVKLN4A7y2z4=,zUt+h2RFLPY6I/NURpnx1rfujoI=
10,-1,T24d+6AIV4scwQokVKLN4A7y2z4=,zUt+h2RFLPY6I/NURpnx1rfujoI=
7,-14,T24d+6AIV4scwQokVKLN4A7y2z4=,Nk+bfwbJ0a4IgOQmPzci21FWFEs=
14,-8,T24d+6AIV4scwQokVKLN4A7y2z4=,zUt+h2RFLPY6I/NURpnx1rfujoI=
9,-1,T24d+6AIV4scwQokVKLN4A7y2z4=,zUt+h2RFLPY6I/NURpnx1rfujoI=
12,-15,T24d+6AIV4scwQokVKLN4A7y2z4=,7Fk/gQtnHgVkO1XF25b/t3Kw+js=
8,-1,T24d+6AIV4scwQokVKLN4A7y2z4=,zUt+h2RFLPY6I/NURpnx1rfujoI=
14,-9,T24d+6AIV4scwQokVKLN4A7y2z4=,7Fk/gQtnHgVkO1XF25b/t3Kw+js=
13,-9,T24d+6AIV4scwQokVKLN4A7y2z4=,7Fk/gQtnHgVkO1XF25b/t3Kw+js=
7,-15,T24d+6AIV4scwQokVKLN4A7y2z4=,Nk+bfwbJ0a4IgOQmPzci21FWFEs=
12,-9,T24d+6AIV4scwQokVKLN4A7y2z4=,7Fk/gQtnHgVkO1XF25b/t3Kw+js=
4,-27,RBN4PP6lNSuLIo70WF7ysRaAiBw=,licwoHDY8D1IoKBtUBogZb/glJk=
6,-28,RBN4PP6lNSuLIo70WF7ysRaAiBw=,licwoHDY8D1IoKBtUBogZb/glJk=
3,-27,RBN4PP6lNSuLIo70WF7ysRaAiBw=,licwoHDY8D1IoKBtUBogZb/glJk=
2,-31,RBN4PP6lNSuLIo70WF7ysRaAiBw=,licwoHDY8D1IoKBtUBogZb/glJk=
5,-28,RBN4PP6lNSuLIo70WF7ysRaAiBw=,licwoHDY8D1IoKBtUBogZb/glJk=
4,-28,RBN4PP6lNSuLIo70WF7ysRaAiBw=,licwoHDY8D1IoKBtUBogZb/glJk=
2,-27,RBN4PP6lNSuLIo70WF7ysRaAiBw=,licwoHDY8D1IoKBtUBogZb/glJk=
6,-31,RBN4PP6lNSuLIo70WF7ysRaAiBw=,licwoHDY8D1IoKBtUBogZb/glJk=
1,-31,RBN4PP6lNSuLIo70WF7ysRaAiBw=,licwoHDY8D1IoKBtUBogZb/glJk=
3,-28,RBN4PP6lNSuLIo70WF7ysRaAiBw=,licwoHDY8D1IoKBtUBogZb/glJk=
6,-26,RBN4PP6lNSuLIo70WF7ysRaAiBw=,licwoHDY8D1IoKBtUBogZb/glJk=
5,-26,RBN4PP6lNSuLIo70WF7ysRaAiBw=,licwoHDY8D1IoKBtUBogZb/glJk=
4,-26,RBN4PP6lNSuLIo70WF7ysRaAiBw=,licwoHDY8D1IoKBtUBogZb/glJk=
3,-26,RBN4PP6lNSuLIo70WF7ysRaAiBw=,licwoHDY8D1IoKBtUBogZb/glJk=
1,-27,RBN4PP6lNSuLIo70WF7ysRaAiBw=,licwoHDY8D1IoKBtUBogZb/glJk=
2,-28,RBN4PP6lNSuLIo70WF7ysRaAiBw=,licwoHDY8D1IoKBtUBogZb/glJk=
11,-29,RBN4PP6lNSuLIo70WF7ysRaAiBw=,2Agr4oxj8tL3ortvL+GY5+fgt3k=
2,-26,RBN4PP6lNSuLIo70WF7ysRaAiBw=,licwoHDY8D1IoKBtUBogZb/glJk=
10,-29,RBN4PP6lNSuLIo70WF7ysRaAiBw=,2Agr4oxj8tL3ortvL+GY5+fgt3k=
14,-25,RBN4PP6lNSuLIo70WF7ysRaAiBw=,2Agr4oxj8tL3ortvL+GY5+fgt3k=
3,-19,RBN4PP6lNSuLIo70WF7ysRaAiBw=,4Pnl8NCNUf+SVfOLpYJG8ncCRXY=
1,-26,RBN4PP6lNSuLIo70WF7ysRaAiBw=,licwoHDY8D1IoKBtUBogZb/glJk=
9,-29,RBN4PP6lNSuLIo70WF7ysRaAiBw=,2Agr4oxj8tL3ortvL+GY5+fgt3k=
2,-19,RBN4PP6lNSuLIo70WF7ysRaAiBw=,4Pnl8NCNUf+SVfOLpYJG8ncCRXY=
13,-25,RBN4PP6lNSuLIo70WF7ysRaAiBw=,2Agr4oxj8tL3ortvL+GY5+fgt3k=
1,-28,RBN4PP6lNSuLIo70WF7ysRaAiBw=,licwoHDY8D1IoKBtUBogZb/glJk=
8,-29,RBN4PP6lNSuLIo70WF7ysRaAiBw=,2Agr4oxj8tL3ortvL+GY5+fgt3k=
11,-21,RBN4PP6lNSuLIo70WF7ysRaAiBw=,YbMlVds7jGhpqgpYG6BzEDQUmGs=
1,-19,RBN4PP6lNSuLIo70WF7ysRaAiBw=,4Pnl8NCNUf+SVfOLpYJG8ncCRXY=
6,-29,RBN4PP6lNSuLIo70WF7ysRaAiBw=,licwoHDY8D1IoKBtUBogZb/glJk=
14,-30,RBN4PP6lNSuLIo70WF7ysRaAiBw=,2Agr4oxj8tL3ortvL+GY5+fgt3k=
10,-21,RBN4PP6lNSuLIo70WF7ysRaAiBw=,YbMlVds7jGhpqgpYG6BzEDQUmGs=
3,-25,RBN4PP6lNSuLIo70WF7ysRaAiBw=,licwoHDY8D1IoKBtUBogZb/glJk=
5,-29,RBN4PP6lNSuLIo70WF7ysRaAiBw=,licwoHDY8D1IoKBtUBogZb/glJk=
13,-30,RBN4PP6lNSuLIo70WF7ysRaAiBw=,2Agr4oxj8tL3ortvL+GY5+fgt3k=
9,-21,RBN4PP6lNSuLIo70WF7ysRaAiBw=,YbMlVds7jGhpqgpYG6BzEDQUmGs=
7,-20,RBN4PP6lNSuLIo70WF7ysRaAiBw=,4Pnl8NCNUf+SVfOLpYJG8ncCRXY=
4,-29,RBN4PP6lNSuLIo70WF7ysRaAiBw=,licwoHDY8D1IoKBtUBogZb/glJk=
12,-30,RBN4PP6lNSuLIo70WF7ysRaAiBw=,2Agr4oxj8tL3ortvL+GY5+fgt3k=
6,-20,RBN4PP6lNSuLIo70WF7ysRaAiBw=,4Pnl8NCNUf+SVfOLpYJG8ncCRXY=
14,-22,RBN4PP6lNSuLIo70WF7ysRaAiBw=,YbMlVds7jGhpqgpYG6BzEDQUmGs=
3,-29,RBN4PP6lNSuLIo70WF7ysRaAiBw=,licwoHDY8D1IoKBtUBogZb/glJk=
11,-30,RBN4PP6lNSuLIo70WF7ysRaAiBw=,2Agr4oxj8tL3ortvL+GY5+fgt3k=
13,-22,RBN4PP6lNSuLIo70WF7ysRaAiBw=,YbMlVds7jGhpqgpYG6BzEDQUmGs=
5,-20,RBN4PP6lNSuLIo70WF7ysRaAiBw=,4Pnl8NCNUf+SVfOLpYJG8ncCRXY=
2,-29,RBN4PP6lNSuLIo70WF7ysRaAiBw=,licwoHDY8D1IoKBtUBogZb/glJk=
10,-30,RBN4PP6lNSuLIo70WF7ysRaAiBw=,2Agr4oxj8tL3ortvL+GY5+fgt3k=
12,-22,RBN4PP6lNSuLIo70WF7ysRaAiBw=,YbMlVds7jGhpqgpYG6BzEDQUmGs=
4,-20,RBN4PP6lNSuLIo70WF7ysRaAiBw=,4Pnl8NCNUf+SVfOLpYJG8ncCRXY=
1,-29,FQL9RGVSlhDSElgnww1DgDvZncw=,licwoHDY8D1IoKBtUBogZb/glJk=
9,-30,FQL9RGVSlhDSElgnww1DgDvZncw=,2Agr4oxj8tL3ortvL+GY5+fgt3k=
8,-21,FQL9RGVSlhDSElgnww1DgDvZncw=,YbMlVds7jGhpqgpYG6BzEDQUmGs=
11,-22,FQL9RGVSlhDSElgnww1DgDvZncw=,YbMlVds7jGhpqgpYG6BzEDQUmGs=
6,-27,FQL9RGVSlhDSElgnww1DgDvZncw=,licwoHDY8D1IoKBtUBogZb/glJk=
8,-30,FQL9RGVSlhDSElgnww1DgDvZncw=,2Agr4oxj8tL3ortvL+GY5+fgt3k=
10,-22,FQL9RGVSlhDSElgnww1DgDvZncw=,YbMlVds7jGhpqgpYG6BzEDQUmGs=
3,-20,FQL9RGVSlhDSElgnww1DgDvZncw=,4Pnl8NCNUf+SVfOLpYJG8ncCRXY=
6,-30,FQL9RGVSlhDSElgnww1DgDvZncw=,licwoHDY8D1IoKBtUBogZb/glJk=
14,-31,FQL9RGVSlhDSElgnww1DgDvZncw=,2Agr4oxj8tL3ortvL+GY5+fgt3k=
9,-22,FQL9RGVSlhDSElgnww1DgDvZncw=,YbMlVds7jGhpqgpYG6BzEDQUmGs=
2,-20,FQL9RGVSlhDSElgnww1DgDvZncw=,4Pnl8NCNUf+SVfOLpYJG8ncCRXY=
5,-30,FQL9RGVSlhDSElgnww1DgDvZncw=,licwoHDY8D1IoKBtUBogZb/glJk=
7,-31,FQL9RGVSlhDSElgnww1DgDvZncw=,licwoHDY8D1IoKBtUBogZb/glJk=
14,-23,FQL9RGVSlhDSElgnww1DgDvZncw=,YbMlVds7jGhpqgpYG6BzEDQUmGs=
1,-20,FQL9RGVSlhDSElgnww1DgDvZncw=,4Pnl8NCNUf+SVfOLpYJG8ncCRXY=
4,-30,FQL9RGVSlhDSElgnww1DgDvZncw=,licwoHDY8D1IoKBtUBogZb/glJk=
13,-31,FQL9RGVSlhDSElgnww1DgDvZncw=,2Agr4oxj8tL3ortvL+GY5+fgt3k=
2,-25,FQL9RGVSlhDSElgnww1DgDvZncw=,licwoHDY8D1IoKBtUBogZb/glJk=
12,-25,FQL9RGVSlhDSElgnww1DgDvZncw=,2Agr4oxj8tL3ortvL+GY5+fgt3k=
3,-30,FQL9RGVSlhDSElgnww1DgDvZncw=,licwoHDY8D1IoKBtUBogZb/glJk=
12,-31,FQL9RGVSlhDSElgnww1DgDvZncw=,2Agr4oxj8tL3ortvL+GY5+fgt3k=
7,-21,FQL9RGVSlhDSElgnww1DgDvZncw=,4Pnl8NCNUf+SVfOLpYJG8ncCRXY=
13,-23,FQL9RGVSlhDSElgnww1DgDvZncw=,YbMlVds7jGhpqgpYG6BzEDQUmGs=
2,-30,FQL9RGVSlhDSElgnww1DgDvZncw=,licwoHDY8D1IoKBtUBogZb/glJk=
11,-31,FQL9RGVSlhDSElgnww1DgDvZncw=,2Agr4oxj8tL3ortvL+GY5+fgt3k=
8,-22,FQL9RGVSlhDSElgnww1DgDvZncw=,YbMlVds7jGhpqgpYG6BzEDQUmGs=
12,-23,FQL9RGVSlhDSElgnww1DgDvZncw=,YbMlVds7jGhpqgpYG6BzEDQUmGs=
5,-27,FQL9RGVSlhDSElgnww1DgDvZncw=,licwoHDY8D1IoKBtUBogZb/glJk=
10,-31,FQL9RGVSlhDSElgnww1DgDvZncw=,2Agr4oxj8tL3ortvL+GY5+fgt3k=
11,-25,FQL9RGVSlhDSElgnww1DgDvZncw=,2Agr4oxj8tL3ortvL+GY5+fgt3k=
6,-21,FQL9RGVSlhDSElgnww1DgDvZncw=,4Pnl8NCNUf+SVfOLpYJG8ncCRXY=
1,-30,FQL9RGVSlhDSElgnww1DgDvZncw=,licwoHDY8D1IoKBtUBogZb/glJk=
9,-31,FQL9RGVSlhDSElgnww1DgDvZncw=,2Agr4oxj8tL3ortvL+GY5+fgt3k=
5,-21,FQL9RGVSlhDSElgnww1DgDvZncw=,4Pnl8NCNUf+SVfOLpYJG8ncCRXY=
11,-23,FQL9RGVSlhDSElgnww1DgDvZncw=,YbMlVds7jGhpqgpYG6BzEDQUmGs=
5,-31,FQL9RGVSlhDSElgnww1DgDvZncw=,licwoHDY8D1IoKBtUBogZb/glJk=
8,-31,FQL9RGVSlhDSElgnww1DgDvZncw=,2Agr4oxj8tL3ortvL+GY5+fgt3k=
4,-21,FQL9RGVSlhDSElgnww1DgDvZncw=,4Pnl8NCNUf+SVfOLpYJG8ncCRXY=
10,-23,FQL9RGVSlhDSElgnww1DgDvZncw=,YbMlVds7jGhpqgpYG6BzEDQUmGs=
4,-31,FQL9RGVSlhDSElgnww1DgDvZncw=,licwoHDY8D1IoKBtUBogZb/glJk=
14,-26,FQL9RGVSlhDSElgnww1DgDvZncw=,2Agr4oxj8tL3ortvL+GY5+fgt3k=
3,-21,FQL9RGVSlhDSElgnww1DgDvZncw=,4Pnl8NCNUf+SVfOLpYJG8ncCRXY=
10,-25,FQL9RGVSlhDSElgnww1DgDvZncw=,2Agr4oxj8tL3ortvL+GY5+fgt3k=
3,-31,FQL9RGVSlhDSElgnww1DgDvZncw=,licwoHDY8D1IoKBtUBogZb/glJk=
13,-26,FQL9RGVSlhDSElgnww1DgDvZncw=,2Agr4oxj8tL3ortvL+GY5+fgt3k=
2,-21,FQL9RGVSlhDSElgnww1DgDvZncw=,4Pnl8NCNUf+SVfOLpYJG8ncCRXY=
9,-23,FQL9RGVSlhDSElgnww1DgDvZncw=,YbMlVds7jGhpqgpYG6BzEDQUmGs=
15,-30,FQL9RGVSlhDSElgnww1DgDvZncw=,2Agr4oxj8tL3ortvL+GY5+fgt3k=
12,-26,FQL9RGVSlhDSElgnww1DgDvZncw=,2Agr4oxj8tL3ortvL+GY5+fgt3k=
1,-21,FQL9RGVSlhDSElgnww1DgDvZncw=,4Pnl8NCNUf+SVfOLpYJG8ncCRXY=
9,-25,FQL9RGVSlhDSElgnww1DgDvZncw=,2Agr4oxj8tL3ortvL+GY5+fgt3k=
15,-31,FQL9RGVSlhDSElgnww1DgDvZncw=,2Agr4oxj8tL3ortvL+GY5+fgt3k=
11,-26,FQL9RGVSlhDSElgnww1DgDvZncw=,2Agr4oxj8tL3ortvL+GY5+fgt3k=
8,-23,FQL9RGVSlhDSElgnww1DgDvZncw=,YbMlVds7jGhpqgpYG6BzEDQUmGs=
14,-24,FQL9RGVSlhDSElgnww1DgDvZncw=,YbMlVds7jGhpqgpYG6BzEDQUmGs=
15,-26,FQL9RGVSlhDSElgnww1DgDvZncw=,2Agr4oxj8tL3ortvL+GY5+fgt3k=
10,-26,FQL9RGVSlhDSElgnww1DgDvZncw=,2Agr4oxj8tL3ortvL+GY5+fgt3k=
13,-24,FQL9RGVSlhDSElgnww1DgDvZncw=,YbMlVds7jGhpqgpYG6BzEDQUmGs=
8,-25,FQL9RGVSlhDSElgnww1DgDvZncw=,2Agr4oxj8tL3ortvL+GY5+fgt3k=
15,-27,FQL9RGVSlhDSElgnww1DgDvZncw=,2Agr4oxj8tL3ortvL+GY5+fgt3k=
9,-26,FQL9RGVSlhDSElgnww1DgDvZncw=,2Agr4oxj8tL3ortvL+GY5+fgt3k=
1,-25,FQL9RGVSlhDSElgnww1DgDvZncw=,licwoHDY8D1IoKBtUBogZb/glJk=
14,-18,FQL9RGVSlhDSElgnww1DgDvZncw=,YbMlVds7jGhpqgpYG6BzEDQUmGs=
15,-28,FQL9RGVSlhDSElgnww1DgDvZncw=,2Agr4oxj8tL3ortvL+GY5+fgt3k=
7,-26,FQL9RGVSlhDSElgnww1DgDvZncw=,licwoHDY8D1IoKBtUBogZb/glJk=
7,-22,FQL9RGVSlhDSElgnww1DgDvZncw=,4Pnl8NCNUf+SVfOLpYJG8ncCRXY=
12,-24,FQL9RGVSlhDSElgnww1DgDvZncw=,YbMlVds7jGhpqgpYG6BzEDQUmGs=
15,-29,FQL9RGVSlhDSElgnww1DgDvZncw=,2Agr4oxj8tL3ortvL+GY5+fgt3k=
6,-22,FQL9RGVSlhDSElgnww1DgDvZncw=,4Pnl8NCNUf+SVfOLpYJG8ncCRXY=
8,-26,FQL9RGVSlhDSElgnww1DgDvZncw=,2Agr4oxj8tL3ortvL+GY5+fgt3k=
13,-18,FQL9RGVSlhDSElgnww1DgDvZncw=,YbMlVds7jGhpqgpYG6BzEDQUmGs=
15,-25,FQL9RGVSlhDSElgnww1DgDvZncw=,2Agr4oxj8tL3ortvL+GY5+fgt3k=
5,-22,FQL9RGVSlhDSElgnww1DgDvZncw=,4Pnl8NCNUf+SVfOLpYJG8ncCRXY=
14,-27,FQL9RGVSlhDSElgnww1DgDvZncw=,2Agr4oxj8tL3ortvL+GY5+fgt3k=
12,-18,FQL9RGVSlhDSElgnww1DgDvZncw=,YbMlVds7jGhpqgpYG6BzEDQUmGs=
15,-22,FQL9RGVSlhDSElgnww1DgDvZncw=,YbMlVds7jGhpqgpYG6BzEDQUmGs=
4,-22,FQL9RGVSlhDSElgnww1DgDvZncw=,4Pnl8NCNUf+SVfOLpYJG8ncCRXY=
13,-27,FQL9RGVSlhDSElgnww1DgDvZncw=,2Agr4oxj8tL3ortvL+GY5+fgt3k=
11,-18,FQL9RGVSlhDSElgnww1DgDvZncw=,YbMlVds7jGhpqgpYG6BzEDQUmGs=
15,-23,FQL9RGVSlhDSElgnww1DgDvZncw=,YbMlVds7jGhpqgpYG6BzEDQUmGs=
3,-22,FQL9RGVSlhDSElgnww1DgDvZncw=,4Pnl8NCNUf+SVfOLpYJG8ncCRXY=
12,-27,FQL9RGVSlhDSElgnww1DgDvZncw=,2Agr4oxj8tL3ortvL+GY5+fgt3k=
10,-18,FQL9RGVSlhDSElgnww1DgDvZncw=,YbMlVds7jGhpqgpYG6BzEDQUmGs=
15,-24,FQL9RGVSlhDSElgnww1DgDvZncw=,YbMlVds7jGhpqgpYG6BzEDQUmGs=
2,-22,FQL9RGVSlhDSElgnww1DgDvZncw=,4Pnl8NCNUf+SVfOLpYJG8ncCRXY=
11,-27,FQL9RGVSlhDSElgnww1DgDvZncw=,2Agr4oxj8tL3ortvL+GY5+fgt3k=
11,-24,FQL9RGVSlhDSElgnww1DgDvZncw=,YbMlVds7jGhpqgpYG6BzEDQUmGs=
15,-18,FQL9RGVSlhDSElgnww1DgDvZncw=,YbMlVds7jGhpqgpYG6BzEDQUmGs=
8,-24,FQL9RGVSlhDSElgnww1DgDvZncw=,YbMlVds7jGhpqgpYG6BzEDQUmGs=
10,-27,FQL9RGVSlhDSElgnww1DgDvZncw=,2Agr4oxj8tL3ortvL+GY5+fgt3k=
9,-18,FQL9RGVSlhDSElgnww1DgDvZncw=,YbMlVds7jGhpqgpYG6BzEDQUmGs=
15,-19,FQL9RGVSlhDSElgnww1DgDvZncw=,YbMlVds7jGhpqgpYG6BzEDQUmGs=
9,-27,FQL9RGVSlhDSElgnww1DgDvZncw=,2Agr4oxj8tL3ortvL+GY5+fgt3k=
1,-22,FQL9RGVSlhDSElgnww1DgDvZncw=,4Pnl8NCNUf+SVfOLpYJG8ncCRXY=
10,-24,FQL9RGVSlhDSElgnww1DgDvZncw=,YbMlVds7jGhpqgpYG6BzEDQUmGs=
15,-20,FQL9RGVSlhDSElgnww1DgDvZncw=,YbMlVds7jGhpqgpYG6BzEDQUmGs=
8,-27,FQL9RGVSlhDSElgnww1DgDvZncw=,2Agr4oxj8tL3ortvL+GY5+fgt3k=
8,-18,FQL9RGVSlhDSElgnww1DgDvZncw=,YbMlVds7jGhpqgpYG6BzEDQUmGs=
9,-24,FQL9RGVSlhDSElgnww1DgDvZncw=,YbMlVds7jGhpqgpYG6BzEDQUmGs=
15,-21,FQL9RGVSlhDSElgnww1DgDvZncw=,YbMlVds7jGhpqgpYG6BzEDQUmGs=
14,-28,FQL9RGVSlhDSElgnww1DgDvZncw=,2Agr4oxj8tL3ortvL+GY5+fgt3k=
8,-19,FQL9RGVSlhDSElgnww1DgDvZncw=,YbMlVds7jGhpqgpYG6BzEDQUmGs=
14,-19,FQL9RGVSlhDSElgnww1DgDvZncw=,YbMlVds7jGhpqgpYG6BzEDQUmGs=
14,-17,FQL9RGVSlhDSElgnww1DgDvZncw=,YbMlVds7jGhpqgpYG6BzEDQUmGs=
7,-18,FQL9RGVSlhDSElgnww1DgDvZncw=,4Pnl8NCNUf+SVfOLpYJG8ncCRXY=
13,-28,FQL9RGVSlhDSElgnww1DgDvZncw=,2Agr4oxj8tL3ortvL+GY5+fgt3k=
13,-19,FQL9RGVSlhDSElgnww1DgDvZncw=,YbMlVds7jGhpqgpYG6BzEDQUmGs=
13,-17,FQL9RGVSlhDSElgnww1DgDvZncw=,YbMlVds7jGhpqgpYG6BzEDQUmGs=
12,-28,FQL9RGVSlhDSElgnww1DgDvZncw=,2Agr4oxj8tL3ortvL+GY5+fgt3k=
7,-23,FQL9RGVSlhDSElgnww1DgDvZncw=,4Pnl8NCNUf+SVfOLpYJG8ncCRXY=
12,-19,FQL9RGVSlhDSElgnww1DgDvZncw=,YbMlVds7jGhpqgpYG6BzEDQUmGs=
12,-17,FQL9RGVSlhDSElgnww1DgDvZncw=,YbMlVds7jGhpqgpYG6BzEDQUmGs=
11,-28,FQL9RGVSlhDSElgnww1DgDvZncw=,2Agr4oxj8tL3ortvL+GY5+fgt3k=
6,-18,FQL9RGVSlhDSElgnww1DgDvZncw=,4Pnl8NCNUf+SVfOLpYJG8ncCRXY=
11,-19,FQL9RGVSlhDSElgnww1DgDvZncw=,YbMlVds7jGhpqgpYG6BzEDQUmGs=
11,-17,FQL9RGVSlhDSElgnww1DgDvZncw=,YbMlVds7jGhpqgpYG6BzEDQUmGs=
10,-28,FQL9RGVSlhDSElgnww1DgDvZncw=,2Agr4oxj8tL3ortvL+GY5+fgt3k=
5,-18,FQL9RGVSlhDSElgnww1DgDvZncw=,4Pnl8NCNUf+SVfOLpYJG8ncCRXY=
10,-19,FQL9RGVSlhDSElgnww1DgDvZncw=,YbMlVds7jGhpqgpYG6BzEDQUmGs=
10,-17,FQL9RGVSlhDSElgnww1DgDvZncw=,YbMlVds7jGhpqgpYG6BzEDQUmGs=
9,-28,FQL9RGVSlhDSElgnww1DgDvZncw=,2Agr4oxj8tL3ortvL+GY5+fgt3k=
4,-18,FQL9RGVSlhDSElgnww1DgDvZncw=,4Pnl8NCNUf+SVfOLpYJG8ncCRXY=
9,-19,FQL9RGVSlhDSElgnww1DgDvZncw=,YbMlVds7jGhpqgpYG6BzEDQUmGs=
9,-17,FQL9RGVSlhDSElgnww1DgDvZncw=,YbMlVds7jGhpqgpYG6BzEDQUmGs=
6,-23,FQL9RGVSlhDSElgnww1DgDvZncw=,4Pnl8NCNUf+SVfOLpYJG8ncCRXY=
8,-28,FQL9RGVSlhDSElgnww1DgDvZncw=,2Agr4oxj8tL3ortvL+GY5+fgt3k=
14,-20,FQL9RGVSlhDSElgnww1DgDvZncw=,YbMlVds7jGhpqgpYG6BzEDQUmGs=
8,-17,FQL9RGVSlhDSElgnww1DgDvZncw=,YbMlVds7jGhpqgpYG6BzEDQUmGs=
5,-23,FQL9RGVSlhDSElgnww1DgDvZncw=,4Pnl8NCNUf+SVfOLpYJG8ncCRXY=
7,-27,FQL9RGVSlhDSElgnww1DgDvZncw=,licwoHDY8D1IoKBtUBogZb/glJk=
13,-20,FQL9RGVSlhDSElgnww1DgDvZncw=,YbMlVds7jGhpqgpYG6BzEDQUmGs=
7,-17,FQL9RGVSlhDSElgnww1DgDvZncw=,4Pnl8NCNUf+SVfOLpYJG8ncCRXY=
3,-18,FQL9RGVSlhDSElgnww1DgDvZncw=,4Pnl8NCNUf+SVfOLpYJG8ncCRXY=
14,-29,FQL9RGVSlhDSElgnww1DgDvZncw=,2Agr4oxj8tL3ortvL+GY5+fgt3k=
12,-20,FQL9RGVSlhDSElgnww1DgDvZncw=,YbMlVds7jGhpqgpYG6BzEDQUmGs=
6,-17,FQL9RGVSlhDSElgnww1DgDvZncw=,4Pnl8NCNUf+SVfOLpYJG8ncCRXY=
4,-23,FQL9RGVSlhDSElgnww1DgDvZncw=,4Pnl8NCNUf+SVfOLpYJG8ncCRXY=
13,-29,FQL9RGVSlhDSElgnww1DgDvZncw=,2Agr4oxj8tL3ortvL+GY5+fgt3k=
11,-20,FQL9RGVSlhDSElgnww1DgDvZncw=,YbMlVds7jGhpqgpYG6BzEDQUmGs=
5,-17,FQL9RGVSlhDSElgnww1DgDvZncw=,4Pnl8NCNUf+SVfOLpYJG8ncCRXY=
7,-28,FQL9RGVSlhDSElgnww1DgDvZncw=,licwoHDY8D1IoKBtUBogZb/glJk=
8,-20,FQL9RGVSlhDSElgnww1DgDvZncw=,YbMlVds7jGhpqgpYG6BzEDQUmGs=
10,-20,FQL9RGVSlhDSElgnww1DgDvZncw=,YbMlVds7jGhpqgpYG6BzEDQUmGs=
4,-17,FQL9RGVSlhDSElgnww1DgDvZncw=,4Pnl8NCNUf+SVfOLpYJG8ncCRXY=
7,-29,FQL9RGVSlhDSElgnww1DgDvZncw=,licwoHDY8D1IoKBtUBogZb/glJk=
3,-23,FQL9RGVSlhDSElgnww1DgDvZncw=,4Pnl8NCNUf+SVfOLpYJG8ncCRXY=
9,-20,FQL9RGVSlhDSElgnww1DgDvZncw=,YbMlVds7jGhpqgpYG6BzEDQUmGs=
3,-17,FQL9RGVSlhDSElgnww1DgDvZncw=,4Pnl8NCNUf+SVfOLpYJG8ncCRXY=
2,-18,FQL9RGVSlhDSElgnww1DgDvZncw=,4Pnl8NCNUf+SVfOLpYJG8ncCRXY=
7,-30,FQL9RGVSlhDSElgnww1DgDvZncw=,licwoHDY8D1IoKBtUBogZb/glJk=
14,-21,FQL9RGVSlhDSElgnww1DgDvZncw=,YbMlVds7jGhpqgpYG6BzEDQUmGs=
2,-17,FQL9RGVSlhDSElgnww1DgDvZncw=,4Pnl8NCNUf+SVfOLpYJG8ncCRXY=
2,-23,FQL9RGVSlhDSElgnww1DgDvZncw=,4Pnl8NCNUf+SVfOLpYJG8ncCRXY=
12,-29,FQL9RGVSlhDSElgnww1DgDvZncw=,2Agr4oxj8tL3ortvL+GY5+fgt3k=
13,-21,FQL9RGVSlhDSElgnww1DgDvZncw=,YbMlVds7jGhpqgpYG6BzEDQUmGs=
1,-17,FQL9RGVSlhDSElgnww1DgDvZncw=,4Pnl8NCNUf+SVfOLpYJG8ncCRXY=
1,-23,FQL9RGVSlhDSElgnww1DgDvZncw=,4Pnl8NCNUf+SVfOLpYJG8ncCRXY=
0,-19,FQL9RGVSlhDSElgnww1DgDvZncw=,4Pnl8NCNUf+SVfOLpYJG8ncCRXY=
12,-21,FQL9RGVSlhDSElgnww1DgDvZncw=,YbMlVds7jGhpqgpYG6BzEDQUmGs=
0,-30,FQL9RGVSlhDSElgnww1DgDvZncw=,licwoHDY8D1IoKBtUBogZb/glJk=
0,-20,FQL9RGVSlhDSElgnww1DgDvZncw=,4Pnl8NCNUf+SVfOLpYJG8ncCRXY=
1,-18,FQL9RGVSlhDSElgnww1DgDvZncw=,4Pnl8NCNUf+SVfOLpYJG8ncCRXY=
4,-32,FQL9RGVSlhDSElgnww1DgDvZncw=,licwoHDY8D1IoKBtUBogZb/glJk=
0,-25,FQL9RGVSlhDSElgnww1DgDvZncw=,licwoHDY8D1IoKBtUBogZb/glJk=
0,-21,FQL9RGVSlhDSElgnww1DgDvZncw=,4Pnl8NCNUf+SVfOLpYJG8ncCRXY=
7,-24,FQL9RGVSlhDSElgnww1DgDvZncw=,4Pnl8NCNUf+SVfOLpYJG8ncCRXY=
3,-32,FQL9RGVSlhDSElgnww1DgDvZncw=,licwoHDY8D1IoKBtUBogZb/glJk=
0,-31,FQL9RGVSlhDSElgnww1DgDvZncw=,licwoHDY8D1IoKBtUBogZb/glJk=
0,-22,FQL9RGVSlhDSElgnww1DgDvZncw=,4Pnl8NCNUf+SVfOLpYJG8ncCRXY=
6,-24,FQL9RGVSlhDSElgnww1DgDvZncw=,4Pnl8NCNUf+SVfOLpYJG8ncCRXY=
6,-32,FQL9RGVSlhDSElgnww1DgDvZncw=,licwoHDY8D1IoKBtUBogZb/glJk=
0,-26,FQL9RGVSlhDSElgnww1DgDvZncw=,licwoHDY8D1IoKBtUBogZb/glJk=
0,-23,FQL9RGVSlhDSElgnww1DgDvZncw=,4Pnl8NCNUf+SVfOLpYJG8ncCRXY=
5,-24,FQL9RGVSlhDSElgnww1DgDvZncw=,4Pnl8NCNUf+SVfOLpYJG8ncCRXY=
5,-32,FQL9RGVSlhDSElgnww1DgDvZncw=,licwoHDY8D1IoKBtUBogZb/glJk=
0,-27,FQL9RGVSlhDSElgnww1DgDvZncw=,licwoHDY8D1IoKBtUBogZb/glJk=
4,-24,FQL9RGVSlhDSElgnww1DgDvZncw=,4Pnl8NCNUf+SVfOLpYJG8ncCRXY=
0,-18,FQL9RGVSlhDSElgnww1DgDvZncw=,4Pnl8NCNUf+SVfOLpYJG8ncCRXY=
2,-32,FQL9RGVSlhDSElgnww1DgDvZncw=,licwoHDY8D1IoKBtUBogZb/glJk=
0,-28,FQL9RGVSlhDSElgnww1DgDvZncw=,licwoHDY8D1IoKBtUBogZb/glJk=
15,-17,FQL9RGVSlhDSElgnww1DgDvZncw=,YbMlVds7jGhpqgpYG6BzEDQUmGs=
7,-19,FQL9RGVSlhDSElgnww1DgDvZncw=,4Pnl8NCNUf+SVfOLpYJG8ncCRXY=
1,-32,FQL9RGVSlhDSElgnww1DgDvZncw=,licwoHDY8D1IoKBtUBogZb/glJk=
0,-29,FQL9RGVSlhDSElgnww1DgDvZncw=,licwoHDY8D1IoKBtUBogZb/glJk=
14,-32,FQL9RGVSlhDSElgnww1DgDvZncw=,2Agr4oxj8tL3ortvL+GY5+fgt3k=
6,-19,FQL9RGVSlhDSElgnww1DgDvZncw=,4Pnl8NCNUf+SVfOLpYJG8ncCRXY=
15,-32,FQL9RGVSlhDSElgnww1DgDvZncw=,2Agr4oxj8tL3ortvL+GY5+fgt3k=
0,-24,FQL9RGVSlhDSElgnww1DgDvZncw=,4Pnl8NCNUf+SVfOLpYJG8ncCRXY=
13,-32,FQL9RGVSlhDSElgnww1DgDvZncw=,2Agr4oxj8tL3ortvL+GY5+fgt3k=
5,-19,FQL9RGVSlhDSElgnww1DgDvZncw=,4Pnl8NCNUf+SVfOLpYJG8ncCRXY=
0,-17,FQL9RGVSlhDSElgnww1DgDvZncw=,4Pnl8NCNUf+SVfOLpYJG8ncCRXY=
0,-32,FQL9RGVSlhDSElgnww1DgDvZncw=,licwoHDY8D1IoKBtUBogZb/glJk=
3,-24,FQL9RGVSlhDSElgnww1DgDvZncw=,4Pnl8NCNUf+SVfOLpYJG8ncCRXY=
12,-32,FQL9RGVSlhDSElgnww1DgDvZncw=,2Agr4oxj8tL3ortvL+GY5+fgt3k=
4,-19,FQL9RGVSlhDSElgnww1DgDvZncw=,4Pnl8NCNUf+SVfOLpYJG8ncCRXY=
11,-32,FQL9RGVSlhDSElgnww1DgDvZncw=,2Agr4oxj8tL3ortvL+GY5+fgt3k=
10,-32,FQL9RGVSlhDSElgnww1DgDvZncw=,2Agr4oxj8tL3ortvL+GY5+fgt3k=
2,-24,FQL9RGVSlhDSElgnww1DgDvZncw=,4Pnl8NCNUf+SVfOLpYJG8ncCRXY=
9,-32,FQL9RGVSlhDSElgnww1DgDvZncw=,2Agr4oxj8tL3ortvL+GY5+fgt3k=
1,-24,FQL9RGVSlhDSElgnww1DgDvZncw=,4Pnl8NCNUf+SVfOLpYJG8ncCRXY=
8,-32,FQL9RGVSlhDSElgnww1DgDvZncw=,2Agr4oxj8tL3ortvL+GY5+fgt3k=
7,-25,FQL9RGVSlhDSElgnww1DgDvZncw=,licwoHDY8D1IoKBtUBogZb/glJk=
6,-25,FQL9RGVSlhDSElgnww1DgDvZncw=,licwoHDY8D1IoKBtUBogZb/glJk=
7,-32,FQL9RGVSlhDSElgnww1DgDvZncw=,licwoHDY8D1IoKBtUBogZb/glJk=
5,-25,FQL9RGVSlhDSElgnww1DgDvZncw=,licwoHDY8D1IoKBtUBogZb/glJk=
4,-25,FQL9RGVSlhDSElgnww1DgDvZncw=,licwoHDY8D1IoKBtUBogZb/glJk=
19,-5,4EpJJkCG0mFkDrUeIiaun2VnshY=,Yf+dkI2n4ULzzRdjD968bbCVUXs=
18,-5,4EpJJkCG0mFkDrUeIiaun2VnshY=,Yf+dkI2n4ULzzRdjD968bbCVUXs=
17,-5,4EpJJkCG0mFkDrUeIiaun2VnshY=,Yf+dkI2n4ULzzRdjD968bbCVUXs=
22,-6,4EpJJkCG0mFkDrUeIiaun2VnshY=,Yf+dkI2n4ULzzRdjD968bbCVUXs=
21,-6,4EpJJkCG0mFkDrUeIiaun2VnshY=,Yf+dkI2n4ULzzRdjD968bbCVUXs=
20,-6,4EpJJkCG0mFkDrUeIiaun2VnshY=,Yf+dkI2n4ULzzRdjD968bbCVUXs=
19,-6,4EpJJkCG0mFkDrUeIiaun2VnshY=,Yf+dkI2n4ULzzRdjD968bbCVUXs=
18,-6,4EpJJkCG0mFkDrUeIiaun2VnshY=,Yf+dkI2n4ULzzRdjD968bbCVUXs=
17,-6,4EpJJkCG0mFkDrUeIiaun2VnshY=,Yf+dkI2n4ULzzRdjD968bbCVUXs=
22,-7,4EpJJkCG0mFkDrUeIiaun2VnshY=,Yf+dkI2n4ULzzRdjD968bbCVUXs=
29,-4,4EpJJkCG0mFkDrUeIiaun2VnshY=,j4mxf9uCMwEhQlndxEUO+vsy6f0=
21,-7,4EpJJkCG0mFkDrUeIiaun2VnshY=,Yf+dkI2n4ULzzRdjD968bbCVUXs=
22,-2,4EpJJkCG0mFkDrUeIiaun2VnshY=,Yf+dkI2n4ULzzRdjD968bbCVUXs=
28,-4,4EpJJkCG0mFkDrUeIiaun2VnshY=,j4mxf9uCMwEhQlndxEUO+vsy6f0=
19,-11,4EpJJkCG0mFkDrUeIiaun2VnshY=,5wDdjyWtc5sgz+I/YIBF4uQils0=
20,-7,4EpJJkCG0mFkDrUeIiaun2VnshY=,Yf+dkI2n4ULzzRdjD968bbCVUXs=
23,-6,4EpJJkCG0mFkDrUeIiaun2VnshY=,Yf+dkI2n4ULzzRdjD968bbCVUXs=
29,-14,4EpJJkCG0mFkDrUeIiaun2VnshY=,mL5KkwGBErSy1Uw3mkBlUmvZj2s=
19,-7,4EpJJkCG0mFkDrUeIiaun2VnshY=,Yf+dkI2n4ULzzRdjD968bbCVUXs=
18,-11,4EpJJkCG0mFkDrUeIiaun2VnshY=,5wDdjyWtc5sgz+I/YIBF4uQils0=
25,-7,4EpJJkCG0mFkDrUeIiaun2VnshY=,j4mxf9uCMwEhQlndxEUO+vsy6f0=
18,-7,4EpJJkCG0mFkDrUeIiaun2VnshY=,Yf+dkI2n4ULzzRdjD968bbCVUXs=
30,-9,4EpJJkCG0mFkDrUeIiaun2VnshY=,mL5KkwGBErSy1Uw3mkBlUmvZj2s=
17,-11,4EpJJkCG0mFkDrUeIiaun2VnshY=,5wDdjyWtc5sgz+I/YIBF4uQils0=
30,-7,4EpJJkCG0mFkDrUeIiaun2VnshY=,j4mxf9uCMwEhQlndxEUO+vsy6f0=
17,-7,L41m4jzgxnXMJB2d1x+cY0UR3So=,Yf+dkI2n4ULzzRdjD968bbCVUXs=
29,-9,L41m4jzgxnXMJB2d1x+cY0UR3So=,mL5KkwGBErSy1Uw3mkBlUmvZj2s=
22,-12,L41m4jzgxnXMJB2d1x+cY0UR3So=,5wDdjyWtc5sgz+I/YIBF4uQils0=
27,-4,L41m4jzgxnXMJB2d1x+cY0UR3So=,j4mxf9uCMwEhQlndxEUO+vsy6f0=
21,-2,L41m4jzgxnXMJB2d1x+cY0UR3So=,Yf+dkI2n4ULzzRdjD968bbCVUXs=
28,-9,L41m4jzgxnXMJB2d1x+cY0UR3So=,mL5KkwGBErSy1Uw3mkBlUmvZj2s=
21,-12,L41m4jzgxnXMJB2d1x+cY0UR3So=,5wDdjyWtc5sgz+I/YIBF4uQils0=
26,-4,L41m4jzgxnXMJB2d1x+cY0UR3So=,j4mxf9uCMwEhQlndxEUO+vsy6f0=
20,-2,L41m4jzgxnXMJB2d1x+cY0UR3So=,Yf+dkI2n4ULzzRdjD968bbCVUXs=
27,-9,L41m4jzgxnXMJB2d1x+cY0UR3So=,mL5KkwGBErSy1Uw3mkBlUmvZj2s=
20,-12,L41m4jzgxnXMJB2d1x+cY0UR3So=,5wDdjyWtc5sgz+I/YIBF4uQils0=
25,-4,L41m4jzgxnXMJB2d1x+cY0UR3So=,j4mxf9uCMwEhQlndxEUO+vsy6f0=
26,-9,L41m4jzgxnXMJB2d1x+cY0UR3So=,mL5KkwGBErSy1Uw3mkBlUmvZj2s=
19,-2,L41m4jzgxnXMJB2d1x+cY0UR3So=,Yf+dkI2n4ULzzRdjD968bbCVUXs=
19,-12,L41m4jzgxnXMJB2d1x+cY0UR3So=,5wDdjyWtc5sgz+I/YIBF4uQils0=
24,-4,L41m4jzgxnXMJB2d1x+cY0UR3So=,j4mxf9uCMwEhQlndxEUO+vsy6f0=
18,-2,L41m4jzgxnXMJB2d1x+cY0UR3So=,Yf+dkI2n4ULzzRdjD968bbCVUXs=
25,-9,L41m4jzgxnXMJB2d1x+cY0UR3So=,mL5KkwGBErSy1Uw3mkBlUmvZj2s=
18,-12,L41m4jzgxnXMJB2d1x+cY0UR3So=,5wDdjyWtc5sgz+I/YIBF4uQils0=
23,-2,L41m4jzgxnXMJB2d1x+cY0UR3So=,Yf+dkI2n4ULzzRdjD968bbCVUXs=
28,-14,L41m4jzgxnXMJB2d1x+cY0UR3So=,mL5KkwGBErSy1Uw3mkBlUmvZj2s=
17,-2,L41m4jzgxnXMJB2d1x+cY0UR3So=,Yf+dkI2n4ULzzRdjD968bbCVUXs=
22,-8,L41m4jzgxnXMJB2d1x+cY0UR3So=,Yf+dkI2n4ULzzRdjD968bbCVUXs=
23,-7,L41m4jzgxnXMJB2d1x+cY0UR3So=,Yf+dkI2n4ULzzRdjD968bbCVUXs=
24,-9,L41m4jzgxnXMJB2d1x+cY0UR3So=,mL5KkwGBErSy1Uw3mkBlUmvZj2s=
22,-3,L41m4jzgxnXMJB2d1x+cY0UR3So=,Yf+dkI2n4ULzzRdjD968bbCVUXs=
21,-8,L41m4jzgxnXMJB2d1x+cY0UR3So=,Yf+dkI2n4ULzzRdjD968bbCVUXs=
29,-7,L41m4jzgxnXMJB2d1x+cY0UR3So=,j4mxf9uCMwEhQlndxEUO+vsy6f0=
27,-14,L41m4jzgxnXMJB2d1x+cY0UR3So=,mL5KkwGBErSy1Uw3mkBlUmvZj2s=
21,-3,L41m4jzgxnXMJB2d1x+cY0UR3So=,Yf+dkI2n4ULzzRdjD968bbCVUXs=
17,-12,L41m4jzgxnXMJB2d1x+cY0UR3So=,5wDdjyWtc5sgz+I/YIBF4uQils0=
24,-7,L41m4jzgxnXMJB2d1x+cY0UR3So=,j4mxf9uCMwEhQlndxEUO+vsy6f0=
20,-3,L41m4jzgxnXMJB2d1x+cY0UR3So=,Yf+dkI2n4ULzzRdjD968bbCVUXs=
26,-14,L41m4jzgxnXMJB2d1x+cY0UR3So=,mL5KkwGBErSy1Uw3mkBlUmvZj2s=
20,-8,L41m4jzgxnXMJB2d1x+cY0UR3So=,Yf+dkI2n4ULzzRdjD968bbCVUXs=
23,-3,L41m4jzgxnXMJB2d1x+cY0UR3So=,Yf+dkI2n4ULzzRdjD968bbCVUXs=
23,-12,L41m4jzgxnXMJB2d1x+cY0UR3So=,5wDdjyWtc5sgz+I/YIBF4uQils0=
19,-3,L41m4jzgxnXMJB2d1x+cY0UR3So=,Yf+dkI2n4ULzzRdjD968bbCVUXs=
19,-8,L41m4jzgxnXMJB2d1x+cY0UR3So=,Yf+dkI2n4ULzzRdjD968bbCVUXs=
28,-7,L41m4jzgxnXMJB2d1x+cY0UR3So=,j4mxf9uCMwEhQlndxEUO+vsy6f0=
18,-3,L41m4jzgxnXMJB2d1x+cY0UR3So=,Yf+dkI2n4ULzzRdjD968bbCVUXs=
30,-10,L41m4jzgxnXMJB2d1x+cY0UR3So=,mL5KkwGBErSy1Uw3mkBlUmvZj2s=
18,-8,L41m4jzgxnXMJB2d1x+cY0UR3So=,Yf+dkI2n4ULzzRdjD968bbCVUXs=
30,-2,L41m4jzgxnXMJB2d1x+cY0UR3So=,j4mxf9uCMwEhQlndxEUO+vsy6f0=
17,-3,L41m4jzgxnXMJB2d1x+cY0UR3So=,Yf+dkI2n4ULzzRdjD968bbCVUXs=
25,-14,L41m4jzgxnXMJB2d1x+cY0UR3So=,mL5KkwGBErSy1Uw3mkBlUmvZj2s=
22,-13,L41m4jzgxnXMJB2d1x+cY0UR3So=,5wDdjyWtc5sgz+I/YIBF4uQils0=
29,-2,L41m4jzgxnXMJB2d1x+cY0UR3So=,j4mxf9uCMwEhQlndxEUO+vsy6f0=
22,-4,L41m4jzgxnXMJB2d1x+cY0UR3So=,Yf+dkI2n4ULzzRdjD968bbCVUXs=
27,-8,L41m4jzgxnXMJB2d1x+cY0UR3So=,j4mxf9uCMwEhQlndxEUO+vsy6f0=
21,-13,L41m4jzgxnXMJB2d1x+cY0UR3So=,5wDdjyWtc5sgz+I/YIBF4uQils0=
23,-4,L41m4jzgxnXMJB2d1x+cY0UR3So=,Yf+dkI2n4ULzzRdjD968bbCVUXs=
21,-4,L41m4jzgxnXMJB2d1x+cY0UR3So=,Yf+dkI2n4ULzzRdjD968bbCVUXs=
29,-10,L41m4jzgxnXMJB2d1x+cY0UR3So=,mL5KkwGBErSy1Uw3mkBlUmvZj2s=
20,-13,L41m4jzgxnXMJB2d1x+cY0UR3So=,5wDdjyWtc5sgz+I/YIBF4uQils0=
28,-2,L41m4jzgxnXMJB2d1x+cY0UR3So=,j4mxf9uCMwEhQlndxEUO+vsy6f0=
20,-4,L41m4jzgxnXMJB2d1x+cY0UR3So=,Yf+dkI2n4ULzzRdjD968bbCVUXs=
28,-10,L41m4jzgxnXMJB2d1x+cY0UR3So=,mL5KkwGBErSy1Uw3mkBlUmvZj2s=
17,-8,L41m4jzgxnXMJB2d1x+cY0UR3So=,Yf+dkI2n4ULzzRdjD968bbCVUXs=
30,-6,L41m4jzgxnXMJB2d1x+cY0UR3So=,j4mxf9uCMwEhQlndxEUO+vsy6f0=
24,-14,L41m4jzgxnXMJB2d1x+cY0UR3So=,mL5KkwGBErSy1Uw3mkBlUmvZj2s=
19,-4,L41m4jzgxnXMJB2d1x+cY0UR3So=,Yf+dkI2n4ULzzRdjD968bbCVUXs=
19,-13,L41m4jzgxnXMJB2d1x+cY0UR3So=,5wDdjyWtc5sgz+I/YIBF4uQils0=
29,-6,L41m4jzgxnXMJB2d1x+cY0UR3So=,j4mxf9uCMwEhQlndxEUO+vsy6f0=
23,-8,L41m4jzgxnXMJB2d1x+cY0UR3So=,Yf+dkI2n4ULzzRdjD968bbCVUXs=
18,-4,L41m4jzgxnXMJB2d1x+cY0UR3So=,Yf+dkI2n4ULzzRdjD968bbCVUXs=
18,-13,L41m4jzgxnXMJB2d1x+cY0UR3So=,5wDdjyWtc5sgz+I/YIBF4uQils0=
27,-2,L41m4jzgxnXMJB2d1x+cY0UR3So=,j4mxf9uCMwEhQlndxEUO+vsy6f0=
17,-4,L41m4jzgxnXMJB2d1x+cY0UR3So=,Yf+dkI2n4ULzzRdjD968bbCVUXs=
27,-10,L41m4jzgxnXMJB2d1x+cY0UR3So=,mL5KkwGBErSy1Uw3mkBlUmvZj2s=
17,-13,L41m4jzgxnXMJB2d1x+cY0UR3So=,5wDdjyWtc5sgz+I/YIBF4uQils0=
26,-2,L41m4jzgxnXMJB2d1x+cY0UR3So=,j4mxf9uCMwEhQlndxEUO+vsy6f0=
30,-15,L41m4jzgxnXMJB2d1x+cY0UR3So=,mL5KkwGBErSy1Uw3mkBlUmvZj2s=
22,-5,L41m4jzgxnXMJB2d1x+cY0UR3So=,Yf+dkI2n4ULzzRdjD968bbCVUXs=
22,-9,L41m4jzgxnXMJB2d1x+cY0UR3So=,5wDdjyWtc5sgz+I/YIBF4uQils0=
25,-2,L41m4jzgxnXMJB2d1x+cY0UR3So=,j4mxf9uCMwEhQlndxEUO+vsy6f0=
29,-15,L41m4jzgxnXMJB2d1x+cY0UR3So=,mL5KkwGBErSy1Uw3mkBlUmvZj2s=
21,-5,L41m4jzgxnXMJB2d1x+cY0UR3So=,Yf+dkI2n4ULzzRdjD968bbCVUXs=
21,-9,L41m4jzgxnXMJB2d1x+cY0UR3So=,5wDdjyWtc5sgz+I/YIBF4uQils0=
28,-6,L41m4jzgxnXMJB2d1x+cY0UR3So=,j4mxf9uCMwEhQlndxEUO+vsy6f0=
26,-10,L41m4jzgxnXMJB2d1x+cY0UR3So=,mL5KkwGBErSy1Uw3mkBlUmvZj2s=
20,-5,L41m4jzgxnXMJB2d1x+cY0UR3So=,Yf+dkI2n4ULzzRdjD968bbCVUXs=
20,-9,L41m4jzgxnXMJB2d1x+cY0UR3So=,5wDdjyWtc5sgz+I/YIBF4uQils0=
27,-6,L41m4jzgxnXMJB2d1x+cY0UR3So=,j4mxf9uCMwEhQlndxEUO+vsy6f0=
28,-15,L41m4jzgxnXMJB2d1x+cY0UR3So=,mL5KkwGBErSy1Uw3mkBlUmvZj2s=
22,-1,L41m4jzgxnXMJB2d1x+cY0UR3So=,Yf+dkI2n4ULzzRdjD968bbCVUXs=
22,-14,L41m4jzgxnXMJB2d1x+cY0UR3So=,5wDdjyWtc5sgz+I/YIBF4uQils0=
26,-6,L41m4jzgxnXMJB2d1x+cY0UR3So=,j4mxf9uCMwEhQlndxEUO+vsy6f0=
23,-13,L41m4jzgxnXMJB2d1x+cY0UR3So=,5wDdjyWtc5sgz+I/YIBF4uQils0=
21,-1,L41m4jzgxnXMJB2d1x+cY0UR3So=,Yf+dkI2n4ULzzRdjD968bbCVUXs=
21,-14,L41m4jzgxnXMJB2d1x+cY0UR3So=,5wDdjyWtc5sgz+I/YIBF4uQils0=
25,-6,L41m4jzgxnXMJB2d1x+cY0UR3So=,j4mxf9uCMwEhQlndxEUO+vsy6f0=
27,-15,L41m4jzgxnXMJB2d1x+cY0UR3So=,mL5KkwGBErSy1Uw3mkBlUmvZj2s=
20,-1,L41m4jzgxnXMJB2d1x+cY0UR3So=,Yf+dkI2n4ULzzRdjD968bbCVUXs=
20,-14,L41m4jzgxnXMJB2d1x+cY0UR3So=,5wDdjyWtc5sgz+I/YIBF4uQils0=
30,-5,L41m4jzgxnXMJB2d1x+cY0UR3So=,j4mxf9uCMwEhQlndxEUO+vsy6f0=
26,-15,L41m4jzgxnXMJB2d1x+cY0UR3So=,mL5KkwGBErSy1Uw3mkBlUmvZj2s=
19,-1,L41m4jzgxnXMJB2d1x+cY0UR3So=,Yf+dkI2n4ULzzRdjD968bbCVUXs=
19,-9,L41m4jzgxnXMJB2d1x+cY0UR3So=,5wDdjyWtc5sgz+I/YIBF4uQils0=
24,-2,L41m4jzgxnXMJB2d1x+cY0UR3So=,j4mxf9uCMwEhQlndxEUO+vsy6f0=
18,-1,L41m4jzgxnXMJB2d1x+cY0UR3So=,Yf+dkI2n4ULzzRdjD968bbCVUXs=
25,-15,L41m4jzgxnXMJB2d1x+cY0UR3So=,mL5KkwGBErSy1Uw3mkBlUmvZj2s=
18,-9,L41m4jzgxnXMJB2d1x+cY0UR3So=,5wDdjyWtc5sgz+I/YIBF4uQils0=
30,-3,L41m4jzgxnXMJB2d1x+cY0UR3So=,j4mxf9uCMwEhQlndxEUO+vsy6f0=
24,-15,L41m4jzgxnXMJB2d1x+cY0UR3So=,mL5KkwGBErSy1Uw3mkBlUmvZj2s=
17,-1,L41m4jzgxnXMJB2d1x+cY0UR3So=,Yf+dkI2n4ULzzRdjD968bbCVUXs=
19,-14,L41m4jzgxnXMJB2d1x+cY0UR3So=,5wDdjyWtc5sgz+I/YIBF4uQils0=
29,-5,L41m4jzgxnXMJB2d1x+cY0UR3So=,j4mxf9uCMwEhQlndxEUO+vsy6f0=
23,-1,L41m4jzgxnXMJB2d1x+cY0UR3So=,Yf+dkI2n4ULzzRdjD968bbCVUXs=
23,-9,L41m4jzgxnXMJB2d1x+cY0UR3So=,5wDdjyWtc5sgz+I/YIBF4uQils0=
17,-9,L41m4jzgxnXMJB2d1x+cY0UR3So=,5wDdjyWtc5sgz+I/YIBF4uQils0=
29,-3,L41m4jzgxnXMJB2d1x+cY0UR3So=,j4mxf9uCMwEhQlndxEUO+vsy6f0=
23,-14,L41m4jzgxnXMJB2d1x+cY0UR3So=,5wDdjyWtc5sgz+I/YIBF4uQils0=
30,-1,L41m4jzgxnXMJB2d1x+cY0UR3So=,j4mxf9uCMwEhQlndxEUO+vsy6f0=
18,-14,L41m4jzgxnXMJB2d1x+cY0UR3So=,5wDdjyWtc5sgz+I/YIBF4uQils0=
28,-5,L41m4jzgxnXMJB2d1x+cY0UR3So=,j4mxf9uCMwEhQlndxEUO+vsy6f0=
29,-1,L41m4jzgxnXMJB2d1x+cY0UR3So=,j4mxf9uCMwEhQlndxEUO+vsy6f0=
25,-10,L41m4jzgxnXMJB2d1x+cY0UR3So=,mL5KkwGBErSy1Uw3mkBlUmvZj2s=
17,-14,L41m4jzgxnXMJB2d1x+cY0UR3So=,5wDdjyWtc5sgz+I/YIBF4uQils0=
27,-5,L41m4jzgxnXMJB2d1x+cY0UR3So=,j4mxf9uCMwEhQlndxEUO+vsy6f0=
24,-10,L41m4jzgxnXMJB2d1x+cY0UR3So=,mL5KkwGBErSy1Uw3mkBlUmvZj2s=
28,-1,L41m4jzgxnXMJB2d1x+cY0UR3So=,j4mxf9uCMwEhQlndxEUO+vsy6f0=
22,-15,L41m4jzgxnXMJB2d1x+cY0UR3So=,5wDdjyWtc5sgz+I/YIBF4uQils0=
26,-5,L41m4jzgxnXMJB2d1x+cY0UR3So=,j4mxf9uCMwEhQlndxEUO+vsy6f0=
27,-1,L41m4jzgxnXMJB2d1x+cY0UR3So=,j4mxf9uCMwEhQlndxEUO+vsy6f0=
30,-11,L41m4jzgxnXMJB2d1x+cY0UR3So=,mL5KkwGBErSy1Uw3mkBlUmvZj2s=
21,-15,L41m4jzgxnXMJB2d1x+cY0UR3So=,5wDdjyWtc5sgz+I/YIBF4uQils0=
25,-5,L41m4jzgxnXMJB2d1x+cY0UR3So=,j4mxf9uCMwEhQlndxEUO+vsy6f0=
29,-11,L41m4jzgxnXMJB2d1x+cY0UR3So=,mL5KkwGBErSy1Uw3mkBlUmvZj2s=
26,-1,L41m4jzgxnXMJB2d1x+cY0UR3So=,j4mxf9uCMwEhQlndxEUO+vsy6f0=
22,-10,L41m4jzgxnXMJB2d1x+cY0UR3So=,5wDdjyWtc5sgz+I/YIBF4uQils0=
24,-5,L41m4jzgxnXMJB2d1x+cY0UR3So=,j4mxf9uCMwEhQlndxEUO+vsy6f0=
28,-11,L41m4jzgxnXMJB2d1x+cY0UR3So=,mL5KkwGBErSy1Uw3mkBlUmvZj2s=
25,-1,L41m4jzgxnXMJB2d1x+cY0UR3So=,j4mxf9uCMwEhQlndxEUO+vsy6f0=
21,-10,L41m4jzgxnXMJB2d1x+cY0UR3So=,5wDdjyWtc5sgz+I/YIBF4uQils0=
27,-7,L41m4jzgxnXMJB2d1x+cY0UR3So=,j4mxf9uCMwEhQlndxEUO+vsy6f0=
23,-10,L41m4jzgxnXMJB2d1x+cY0UR3So=,5wDdjyWtc5sgz+I/YIBF4uQils0=
24,-1,L41m4jzgxnXMJB2d1x+cY0UR3So=,j4mxf9uCMwEhQlndxEUO+vsy6f0=
20,-10,L41m4jzgxnXMJB2d1x+cY0UR3So=,5wDdjyWtc5sgz+I/YIBF4uQils0=
23,-5,L41m4jzgxnXMJB2d1x+cY0UR3So=,Yf+dkI2n4ULzzRdjD968bbCVUXs=
23,-15,L41m4jzgxnXMJB2d1x+cY0UR3So=,5wDdjyWtc5sgz+I/YIBF4uQils0=
31,-5,L41m4jzgxnXMJB2d1x+cY0UR3So=,j4mxf9uCMwEhQlndxEUO+vsy6f0=
19,-10,L41m4jzgxnXMJB2d1x+cY0UR3So=,5wDdjyWtc5sgz+I/YIBF4uQils0=
28,-3,L41m4jzgxnXMJB2d1x+cY0UR3So=,j4mxf9uCMwEhQlndxEUO+vsy6f0=
31,-7,L41m4jzgxnXMJB2d1x+cY0UR3So=,j4mxf9uCMwEhQlndxEUO+vsy6f0=
27,-11,L41m4jzgxnXMJB2d1x+cY0UR3So=,mL5KkwGBErSy1Uw3mkBlUmvZj2s=
18,-10,L41m4jzgxnXMJB2d1x+cY0UR3So=,5wDdjyWtc5sgz+I/YIBF4uQils0=
24,-6,L41m4jzgxnXMJB2d1x+cY0UR3So=,j4mxf9uCMwEhQlndxEUO+vsy6f0=
26,-11,L41m4jzgxnXMJB2d1x+cY0UR3So=,mL5KkwGBErSy1Uw3mkBlUmvZj2s=
31,-2,L41m4jzgxnXMJB2d1x+cY0UR3So=,j4mxf9uCMwEhQlndxEUO+vsy6f0=
17,-10,L41m4jzgxnXMJB2d1x+cY0UR3So=,5wDdjyWtc5sgz+I/YIBF4uQils0=
27,-3,L41m4jzgxnXMJB2d1x+cY0UR3So=,j4mxf9uCMwEhQlndxEUO+vsy6f0=
31,-6,L41m4jzgxnXMJB2d1x+cY0UR3So=,j4mxf9uCMwEhQlndxEUO+vsy6f0=
25,-11,L41m4jzgxnXMJB2d1x+cY0UR3So=,mL5KkwGBErSy1Uw3mkBlUmvZj2s=
20,-15,L41m4jzgxnXMJB2d1x+cY0UR3So=,5wDdjyWtc5sgz+I/YIBF4uQils0=
26,-3,L41m4jzgxnXMJB2d1x+cY0UR3So=,j4mxf9uCMwEhQlndxEUO+vsy6f0=
23,-11,L41m4jzgxnXMJB2d1x+cY0UR3So=,5wDdjyWtc5sgz+I/YIBF4uQils0=
31,-3,L41m4jzgxnXMJB2d1x+cY0UR3So=,j4mxf9uCMwEhQlndxEUO+vsy6f0=
19,-15,L41m4jzgxnXMJB2d1x+cY0UR3So=,5wDdjyWtc5sgz+I/YIBF4uQils0=
26,-7,L41m4jzgxnXMJB2d1x+cY0UR3So=,j4mxf9uCMwEhQlndxEUO+vsy6f0=
30,-8,L41m4jzgxnXMJB2d1x+cY0UR3So=,j4mxf9uCMwEhQlndxEUO+vsy6f0=
31,-4,L41m4jzgxnXMJB2d1x+cY0UR3So=,j4mxf9uCMwEhQlndxEUO+vsy6f0=
18,-15,L41m4jzgxnXMJB2d1x+cY0UR3So=,5wDdjyWtc5sgz+I/YIBF4uQils0=
25,-3,L41m4jzgxnXMJB2d1x+cY0UR3So=,j4mxf9uCMwEhQlndxEUO+vsy6f0=
31,-9,L41m4jzgxnXMJB2d1x+cY0UR3So=,mL5KkwGBErSy1Uw3mkBlUmvZj2s=
29,-8,L41m4jzgxnXMJB2d1x+cY0UR3So=,j4mxf9uCMwEhQlndxEUO+vsy6f0=
17,-15,L41m4jzgxnXMJB2d1x+cY0UR3So=,5wDdjyWtc5sgz+I/YIBF4uQils0=
24,-3,L41m4jzgxnXMJB2d1x+cY0UR3So=,j4mxf9uCMwEhQlndxEUO+vsy6f0=
24,-11,L41m4jzgxnXMJB2d1x+cY0UR3So=,mL5KkwGBErSy1Uw3mkBlUmvZj2s=
31,-10,L41m4jzgxnXMJB2d1x+cY0UR3So=,mL5KkwGBErSy1Uw3mkBlUmvZj2s=
22,-11,L41m4jzgxnXMJB2d1x+cY0UR3So=,5wDdjyWtc5sgz+I/YIBF4uQils0=
30,-4,L41m4jzgxnXMJB2d1x+cY0UR3So=,j4mxf9uCMwEhQlndxEUO+vsy6f0=
26,-8,L41m4jzgxnXMJB2d1x+cY0UR3So=,j4mxf9uCMwEhQlndxEUO+vsy6f0=
31,-15,L41m4jzgxnXMJB2d1x+cY0UR3So=,mL5KkwGBErSy1Uw3mkBlUmvZj2s=
21,-11,L41m4jzgxnXMJB2d1x+cY0UR3So=,5wDdjyWtc5sgz+I/YIBF4uQils0=
30,-16,L41m4jzgxnXMJB2d1x+cY0UR3So=,mL5KkwGBErSy1Uw3mkBlUmvZj2s=
31,-8,L41m4jzgxnXMJB2d1x+cY0UR3So=,j4mxf9uCMwEhQlndxEUO+vsy6f0=
25,-8,L41m4jzgxnXMJB2d1x+cY0UR3So=,j4mxf9uCMwEhQlndxEUO+vsy6f0=
20,-11,L41m4jzgxnXMJB2d1x+cY0UR3So=,5wDdjyWtc5sgz+I/YIBF4uQils0=
29,-16,L41m4jzgxnXMJB2d1x+cY0UR3So=,mL5KkwGBErSy1Uw3mkBlUmvZj2s=
24,-8,L41m4jzgxnXMJB2d1x+cY0UR3So=,j4mxf9uCMwEhQlndxEUO+vsy6f0=
31,-11,L41m4jzgxnXMJB2d1x+cY0UR3So=,mL5KkwGBErSy1Uw3mkBlUmvZj2s=
24,-16,L41m4jzgxnXMJB2d1x+cY0UR3So=,mL5KkwGBErSy1Uw3mkBlUmvZj2s=
28,-16,L41m4jzgxnXMJB2d1x+cY0UR3So=,mL5KkwGBErSy1Uw3mkBlUmvZj2s=
30,-12,L41m4jzgxnXMJB2d1x+cY0UR3So=,mL5KkwGBErSy1Uw3mkBlUmvZj2s=
31,-12,L41m4jzgxnXMJB2d1x+cY0UR3So=,mL5KkwGBErSy1Uw3mkBlUmvZj2s=
23,-16,L41m4jzgxnXMJB2d1x+cY0UR3So=,5wDdjyWtc5sgz+I/YIBF4uQils0=
27,-16,L41m4jzgxnXMJB2d1x+cY0UR3So=,mL5KkwGBErSy1Uw3mkBlUmvZj2s=
29,-12,L41m4jzgxnXMJB2d1x+cY0UR3So=,mL5KkwGBErSy1Uw3mkBlUmvZj2s=
31,-13,L41m4jzgxnXMJB2d1x+cY0UR3So=,mL5KkwGBErSy1Uw3mkBlUmvZj2s=
22,-16,L41m4jzgxnXMJB2d1x+cY0UR3So=,5wDdjyWtc5sgz+I/YIBF4uQils0=
26,-16,L41m4jzgxnXMJB2d1x+cY0UR3So=,mL5KkwGBErSy1Uw3mkBlUmvZj2s=
28,-12,L41m4jzgxnXMJB2d1x+cY0UR3So=,mL5KkwGBErSy1Uw3mkBlUmvZj2s=
31,-14,L41m4jzgxnXMJB2d1x+cY0UR3So=,mL5KkwGBErSy1Uw3mkBlUmvZj2s=
21,-16,L41m4jzgxnXMJB2d1x+cY0UR3So=,5wDdjyWtc5sgz+I/YIBF4uQils0=
25,-16,L41m4jzgxnXMJB2d1x+cY0UR3So=,mL5KkwGBErSy1Uw3mkBlUmvZj2s=
27,-12,L41m4jzgxnXMJB2d1x+cY0UR3So=,mL5KkwGBErSy1Uw3mkBlUmvZj2s=
20,-16,L41m4jzgxnXMJB2d1x+cY0UR3So=,5wDdjyWtc5sgz+I/YIBF4uQils0=
16,-11,L41m4jzgxnXMJB2d1x+cY0UR3So=,5wDdjyWtc5sgz+I/YIBF4uQils0=
16,-5,L41m4jzgxnXMJB2d1x+cY0UR3So=,Yf+dkI2n4ULzzRdjD968bbCVUXs=
26,-12,L41m4jzgxnXMJB2d1x+cY0UR3So=,mL5KkwGBErSy1Uw3mkBlUmvZj2s=
19,-16,L41m4jzgxnXMJB2d1x+cY0UR3So=,5wDdjyWtc5sgz+I/YIBF4uQils0=
16,-12,L41m4jzgxnXMJB2d1x+cY0UR3So=,5wDdjyWtc5sgz+I/YIBF4uQils0=
16,-6,L41m4jzgxnXMJB2d1x+cY0UR3So=,Yf+dkI2n4ULzzRdjD968bbCVUXs=
25,-12,L41m4jzgxnXMJB2d1x+cY0UR3So=,mL5KkwGBErSy1Uw3mkBlUmvZj2s=
16,-13,L41m4jzgxnXMJB2d1x+cY0UR3So=,5wDdjyWtc5sgz+I/YIBF4uQils0=
18,-16,L41m4jzgxnXMJB2d1x+cY0UR3So=,5wDdjyWtc5sgz+I/YIBF4uQils0=
16,-7,L41m4jzgxnXMJB2d1x+cY0UR3So=,Yf+dkI2n4ULzzRdjD968bbCVUXs=
24,-12,L41m4jzgxnXMJB2d1x+cY0UR3So=,mL5KkwGBErSy1Uw3mkBlUmvZj2s=
17,-16,L41m4jzgxnXMJB2d1x+cY0UR3So=,5wDdjyWtc5sgz+I/YIBF4uQils0=
16,-14,L41m4jzgxnXMJB2d1x+cY0UR3So=,5wDdjyWtc5sgz+I/YIBF4uQils0=
16,-2,L41m4jzgxnXMJB2d1x+cY0UR3So=,Yf+dkI2n4ULzzRdjD968bbCVUXs=
30,-13,L41m4jzgxnXMJB2d1x+cY0UR3So=,mL5KkwGBErSy1Uw3mkBlUmvZj2s=
16,-10,L41m4jzgxnXMJB2d1x+cY0UR3So=,5wDdjyWtc5sgz+I/YIBF4uQils0=
16,-1,L41m4jzgxnXMJB2d1x+cY0UR3So=,Yf+dkI2n4ULzzRdjD968bbCVUXs=
16,-8,L41m4jzgxnXMJB2d1x+cY0UR3So=,Yf+dkI2n4ULzzRdjD968bbCVUXs=
29,-13,L41m4jzgxnXMJB2d1x+cY0UR3So=,mL5KkwGBErSy1Uw3mkBlUmvZj2s=
16,-15,L41m4jzgxnXMJB2d1x+cY0UR3So=,5wDdjyWtc5sgz+I/YIBF4uQils0=
31,-16,L41m4jzgxnXMJB2d1x+cY0UR3So=,mL5KkwGBErSy1Uw3mkBlUmvZj2s=
16,-9,L41m4jzgxnXMJB2d1x+cY0UR3So=,5wDdjyWtc5sgz+I/YIBF4uQils0=
28,-13,L41m4jzgxnXMJB2d1x+cY0UR3So=,mL5KkwGBErSy1Uw3mkBlUmvZj2s=
31,-1,L41m4jzgxnXMJB2d1x+cY0UR3So=,j4mxf9uCMwEhQlndxEUO+vsy6f0=
16,-16,L41m4jzgxnXMJB2d1x+cY0UR3So=,5wDdjyWtc5sgz+I/YIBF4uQils0=
16,-3,L41m4jzgxnXMJB2d1x+cY0UR3So=,Yf+dkI2n4ULzzRdjD968bbCVUXs=
27,-13,L41m4jzgxnXMJB2d1x+cY0UR3So=,mL5KkwGBErSy1Uw3mkBlUmvZj2s=
16,-4,L41m4jzgxnXMJB2d1x+cY0UR3So=,Yf+dkI2n4ULzzRdjD968bbCVUXs=
26,-13,L41m4jzgxnXMJB2d1x+cY0UR3So=,mL5KkwGBErSy1Uw3mkBlUmvZj2s=
28,-8,L41m4jzgxnXMJB2d1x+cY0UR3So=,j4mxf9uCMwEhQlndxEUO+vsy6f0=
25,-13,L41m4jzgxnXMJB2d1x+cY0UR3So=,mL5KkwGBErSy1Uw3mkBlUmvZj2s=
24,-13,L41m4jzgxnXMJB2d1x+cY0UR3So=,mL5KkwGBErSy1Uw3mkBlUmvZj2s=
30,-14,L41m4jzgxnXMJB2d1x+cY0UR3So=,mL5KkwGBErSy1Uw3mkBlUmvZj2s=
19,-27,ZkNxk2Dc1yFZzLenHi9pC5asZYI=,e9GMbV/BGb9Lh231Fz1C7lIs+PI=
18,-27,ZkNxk2Dc1yFZzLenHi9pC5asZYI=,e9GMbV/BGb9Lh231Fz1C7lIs+PI=
17,-27,ZkNxk2Dc1yFZzLenHi9pC5asZYI=,e9GMbV/BGb9Lh231Fz1C7lIs+PI=
22,-28,ZkNxk2Dc1yFZzLenHi9pC5asZYI=,e9GMbV/BGb9Lh231Fz1C7lIs+PI=
21,-28,ZkNxk2Dc1yFZzLenHi9pC5asZYI=,e9GMbV/BGb9Lh231Fz1C7lIs+PI=
20,-28,ZkNxk2Dc1yFZzLenHi9pC5asZYI=,e9GMbV/BGb9Lh231Fz1C7lIs+PI=
19,-28,ZkNxk2Dc1yFZzLenHi9pC5asZYI=,e9GMbV/BGb9Lh231Fz1C7lIs+PI=
18,-28,ZkNxk2Dc1yFZzLenHi9pC5asZYI=,e9GMbV/BGb9Lh231Fz1C7lIs+PI=
17,-28,ZkNxk2Dc1yFZzLenHi9pC5asZYI=,e9GMbV/BGb9Lh231Fz1C7lIs+PI=
22,-29,ZkNxk2Dc1yFZzLenHi9pC5asZYI=,e9GMbV/BGb9Lh231Fz1C7lIs+PI=
21,-29,ZkNxk2Dc1yFZzLenHi9pC5asZYI=,e9GMbV/BGb9Lh231Fz1C7lIs+PI=
20,-29,ZkNxk2Dc1yFZzLenHi9pC5asZYI=,e9GMbV/BGb9Lh231Fz1C7lIs+PI=
19,-29,ZkNxk2Dc1yFZzLenHi9pC5asZYI=,e9GMbV/BGb9Lh231Fz1C7lIs+PI=
18,-29,ZkNxk2Dc1yFZzLenHi9pC5asZYI=,e9GMbV/BGb9Lh231Fz1C7lIs+PI=
17,-29,ZkNxk2Dc1yFZzLenHi9pC5asZYI=,e9GMbV/BGb9Lh231Fz1C7lIs+PI=
22,-30,ZkNxk2Dc1yFZzLenHi9pC5asZYI=,e9GMbV/BGb9Lh231Fz1C7lIs+PI=
21,-30,ZkNxk2Dc1yFZzLenHi9pC5asZYI=,e9GMbV/BGb9Lh231Fz1C7lIs+PI=
20,-30,ZkNxk2Dc1yFZzLenHi9pC5asZYI=,e9GMbV/BGb9Lh231Fz1C7lIs+PI=
19,-30,ZkNxk2Dc1yFZzLenHi9pC5asZYI=,e9GMbV/BGb9Lh231Fz1C7lIs+PI=
18,-30,ZkNxk2Dc1yFZzLenHi9pC5asZYI=,e9GMbV/BGb9Lh231Fz1C7lIs+PI=
17,-30,ZkNxk2Dc1yFZzLenHi9pC5asZYI=,e9GMbV/BGb9Lh231Fz1C7lIs+PI=
22,-31,ZkNxk2Dc1yFZzLenHi9pC5asZYI=,e9GMbV/BGb9Lh231Fz1C7lIs+PI=
23,-28,ZkNxk2Dc1yFZzLenHi9pC5asZYI=,e9GMbV/BGb9Lh231Fz1C7lIs+PI=
21,-31,ZkNxk2Dc1yFZzLenHi9pC5asZYI=,e9GMbV/BGb9Lh231Fz1C7lIs+PI=
19,-21,ZkNxk2Dc1yFZzLenHi9pC5asZYI=,7zkHBKsnB4EuJlSlxr50lWbwMZA=
18,-21,ZkNxk2Dc1yFZzLenHi9pC5asZYI=,7zkHBKsnB4EuJlSlxr50lWbwMZA=
20,-31,ZkNxk2Dc1yFZzLenHi9pC5asZYI=,e9GMbV/BGb9Lh231Fz1C7lIs+PI=
30,-26,ZkNxk2Dc1yFZzLenHi9pC5asZYI=,hxEWCIz9zuHi7GhALNGtei0rr3c=
29,-18,ZkNxk2Dc1yFZzLenHi9pC5asZYI=,bgeHvgiflIQlrrR565z5BsSJhxc=
19,-31,ZkNxk2Dc1yFZzLenHi9pC5asZYI=,e9GMbV/BGb9Lh231Fz1C7lIs+PI=
17,-21,ZkNxk2Dc1yFZzLenHi9pC5asZYI=,7zkHBKsnB4EuJlSlxr50lWbwMZA=
29,-26,ZkNxk2Dc1yFZzLenHi9pC5asZYI=,hxEWCIz9zuHi7GhALNGtei0rr3c=
27,-25,ZkNxk2Dc1yFZzLenHi9pC5asZYI=,hxEWCIz9zuHi7GhALNGtei0rr3c=
18,-31,ZkNxk2Dc1yFZzLenHi9pC5asZYI=,e9GMbV/BGb9Lh231Fz1C7lIs+PI=
22,-22,ZkNxk2Dc1yFZzLenHi9pC5asZYI=,7zkHBKsnB4EuJlSlxr50lWbwMZA=
28,-26,ZkNxk2Dc1yFZzLenHi9pC5asZYI=,hxEWCIz9zuHi7GhALNGtei0rr3c=
26,-25,ZkNxk2Dc1yFZzLenHi9pC5asZYI=,hxEWCIz9zuHi7GhALNGtei0rr3c=
17,-31,ZkNxk2Dc1yFZzLenHi9pC5asZYI=,e9GMbV/BGb9Lh231Fz1C7lIs+PI=
21,-22,ZkNxk2Dc1yFZzLenHi9pC5asZYI=,7zkHBKsnB4EuJlSlxr50lWbwMZA=
27,-26,ZkNxk2Dc1yFZzLenHi9pC5asZYI=,hxEWCIz9zuHi7GhALNGtei0rr3c=
25,-25,ZkNxk2Dc1yFZzLenHi9pC5asZYI=,hxEWCIz9zuHi7GhALNGtei0rr3c=
20,-22,ZkNxk2Dc1yFZzLenHi9pC5asZYI=,7zkHBKsnB4EuJlSlxr50lWbwMZA=
22,-26,ZkNxk2Dc1yFZzLenHi9pC5asZYI=,e9GMbV/BGb9Lh231Fz1C7lIs+PI=
23,-29,ZkNxk2Dc1yFZzLenHi9pC5asZYI=,e9GMbV/BGb9Lh231Fz1C7lIs+PI=
29,-19,ZkNxk2Dc1yFZzLenHi9pC5asZYI=,bgeHvgiflIQlrrR565z5BsSJhxc=
19,-22,ZkNxk2Dc1yFZzLenHi9pC5asZYI=,7zkHBKsnB4EuJlSlxr50lWbwMZA=
21,-26,ZkNxk2Dc1yFZzLenHi9pC5asZYI=,e9GMbV/BGb9Lh231Fz1C7lIs+PI=
26,-26,ZkNxk2Dc1yFZzLenHi9pC5asZYI=,hxEWCIz9zuHi7GhALNGtei0rr3c=
24,-25,ZkNxk2Dc1yFZzLenHi9pC5asZYI=,hxEWCIz9zuHi7GhALNGtei0rr3c=
18,-22,ZkNxk2Dc1yFZzLenHi9pC5asZYI=,7zkHBKsnB4EuJlSlxr50lWbwMZA=
20,-26,ZkNxk2Dc1yFZzLenHi9pC5asZYI=,e9GMbV/BGb9Lh231Fz1C7lIs+PI=
25,-26,ZkNxk2Dc1yFZzLenHi9pC5asZYI=,hxEWCIz9zuHi7GhALNGtei0rr3c=
27,-23,ZkNxk2Dc1yFZzLenHi9pC5asZYI=,bgeHvgiflIQlrrR565z5BsSJhxc=
17,-22,ZkNxk2Dc1yFZzLenHi9pC5asZYI=,7zkHBKsnB4EuJlSlxr50lWbwMZA=
19,-26,ZkNxk2Dc1yFZzLenHi9pC5asZYI=,e9GMbV/BGb9Lh231Fz1C7lIs+PI=
24,-26,ZkNxk2Dc1yFZzLenHi9pC5asZYI=,hxEWCIz9zuHi7GhALNGtei0rr3c=
25,-22,ZkNxk2Dc1yFZzLenHi9pC5asZYI=,bgeHvgiflIQlrrR565z5BsSJhxc=
22,-18,ZkNxk2Dc1yFZzLenHi9pC5asZYI=,7zkHBKsnB4EuJlSlxr50lWbwMZA=
18,-26,ZkNxk2Dc1yFZzLenHi9pC5asZYI=,e9GMbV/BGb9Lh231Fz1C7lIs+PI=
30,-27,ZkNxk2Dc1yFZzLenHi9pC5asZYI=,hxEWCIz9zuHi7GhALNGtei0rr3c=
30,-20,ZkNxk2Dc1yFZzLenHi9pC5asZYI=,bgeHvgiflIQlrrR565z5BsSJhxc=
17,-26,ZkNxk2Dc1yFZzLenHi9pC5asZYI=,e9GMbV/BGb9Lh231Fz1C7lIs+PI=
21,-18,ZkNxk2Dc1yFZzLenHi9pC5asZYI=,7zkHBKsnB4EuJlSlxr50lWbwMZA=
29,-27,ZkNxk2Dc1yFZzLenHi9pC5asZYI=,hxEWCIz9zuHi7GhALNGtei0rr3c=
28,-19,ZkNxk2Dc1yFZzLenHi9pC5asZYI=,bgeHvgiflIQlrrR565z5BsSJhxc=
22,-27,ZkNxk2Dc1yFZzLenHi9pC5asZYI=,e9GMbV/BGb9Lh231Fz1C7lIs+PI=
20,-18,ZkNxk2Dc1yFZzLenHi9pC5asZYI=,7zkHBKsnB4EuJlSlxr50lWbwMZA=
28,-27,ZkNxk2Dc1yFZzLenHi9pC5asZYI=,hxEWCIz9zuHi7GhALNGtei0rr3c=
23,-22,ZkNxk2Dc1yFZzLenHi9pC5asZYI=,7zkHBKsnB4EuJlSlxr50lWbwMZA=
19,-18,ZkNxk2Dc1yFZzLenHi9pC5asZYI=,7zkHBKsnB4EuJlSlxr50lWbwMZA=
21,-27,ZkNxk2Dc1yFZzLenHi9pC5asZYI=,e9GMbV/BGb9Lh231Fz1C7lIs+PI=
27,-27,ZkNxk2Dc1yFZzLenHi9pC5asZYI=,hxEWCIz9zuHi7GhALNGtei0rr3c=
30,-18,ZkNxk2Dc1yFZzLenHi9pC5asZYI=,bgeHvgiflIQlrrR565z5BsSJhxc=
18,-18,ZkNxk2Dc1yFZzLenHi9pC5asZYI=,7zkHBKsnB4EuJlSlxr50lWbwMZA=
20,-27,ZkNxk2Dc1yFZzLenHi9pC5asZYI=,e9GMbV/BGb9Lh231Fz1C7lIs+PI=
26,-27,ZkNxk2Dc1yFZzLenHi9pC5asZYI=,hxEWCIz9zuHi7GhALNGtei0rr3c=
23,-18,ZkNxk2Dc1yFZzLenHi9pC5asZYI=,7zkHBKsnB4EuJlSlxr50lWbwMZA=
17,-18,ZkNxk2Dc1yFZzLenHi9pC5asZYI=,7zkHBKsnB4EuJlSlxr50lWbwMZA=
31,-20,ZkNxk2Dc1yFZzLenHi9pC5asZYI=,bgeHvgiflIQlrrR565z5BsSJhxc=
25,-27,ZkNxk2Dc1yFZzLenHi9pC5asZYI=,hxEWCIz9zuHi7GhALNGtei0rr3c=
27,-24,ZkNxk2Dc1yFZzLenHi9pC5asZYI=,bgeHvgiflIQlrrR565z5BsSJhxc=
31,-18,ZkNxk2Dc1yFZzLenHi9pC5asZYI=,bgeHvgiflIQlrrR565z5BsSJhxc=
22,-19,ZkNxk2Dc1yFZzLenHi9pC5asZYI=,7zkHBKsnB4EuJlSlxr50lWbwMZA=
23,-30,ZkNxk2Dc1yFZzLenHi9pC5asZYI=,e9GMbV/BGb9Lh231Fz1C7lIs+PI=
26,-23,ZkNxk2Dc1yFZzLenHi9pC5asZYI=,bgeHvgiflIQlrrR565z5BsSJhxc=
31,-21,ZkNxk2Dc1yFZzLenHi9pC5asZYI=,bgeHvgiflIQlrrR565z5BsSJhxc=
21,-19,ZkNxk2Dc1yFZzLenHi9pC5asZYI=,7zkHBKsnB4EuJlSlxr50lWbwMZA=
24,-27,ZkNxk2Dc1yFZzLenHi9pC5asZYI=,hxEWCIz9zuHi7GhALNGtei0rr3c=
25,-23,ZkNxk2Dc1yFZzLenHi9pC5asZYI=,bgeHvgiflIQlrrR565z5BsSJhxc=
20,-19,ZkNxk2Dc1yFZzLenHi9pC5asZYI=,7zkHBKsnB4EuJlSlxr50lWbwMZA=
31,-23,ZkNxk2Dc1yFZzLenHi9pC5asZYI=,bgeHvgiflIQlrrR565z5BsSJhxc=
30,-28,ZkNxk2Dc1yFZzLenHi9pC5asZYI=,hxEWCIz9zuHi7GhALNGtei0rr3c=
23,-19,ZkNxk2Dc1yFZzLenHi9pC5asZYI=,7zkHBKsnB4EuJlSlxr50lWbwMZA=
31,-19,ZkNxk2Dc1yFZzLenHi9pC5asZYI=,bgeHvgiflIQlrrR565z5BsSJhxc=
19,-19,ZkNxk2Dc1yFZzLenHi9pC5asZYI=,7zkHBKsnB4EuJlSlxr50lWbwMZA=
29,-28,ZkNxk2Dc1yFZzLenHi9pC5asZYI=,hxEWCIz9zuHi7GhALNGtei0rr3c=
24,-22,ZkNxk2Dc1yFZzLenHi9pC5asZYI=,bgeHvgiflIQlrrR565z5BsSJhxc=
22,-23,ZkNxk2Dc1yFZzLenHi9pC5asZYI=,7zkHBKsnB4EuJlSlxr50lWbwMZA=
31,-22,ZkNxk2Dc1yFZzLenHi9pC5asZYI=,bgeHvgiflIQlrrR565z5BsSJhxc=
28,-28,ZkNxk2Dc1yFZzLenHi9pC5asZYI=,hxEWCIz9zuHi7GhALNGtei0rr3c=
29,-20,ZkNxk2Dc1yFZzLenHi9pC5asZYI=,bgeHvgiflIQlrrR565z5BsSJhxc=
21,-23,ZkNxk2Dc1yFZzLenHi9pC5asZYI=,7zkHBKsnB4EuJlSlxr50lWbwMZA=
31,-26,ZkNxk2Dc1yFZzLenHi9pC5asZYI=,hxEWCIz9zuHi7GhALNGtei0rr3c=
27,-28,ZkNxk2Dc1yFZzLenHi9pC5asZYI=,hxEWCIz9zuHi7GhALNGtei0rr3c=
26,-24,ZkNxk2Dc1yFZzLenHi9pC5asZYI=,bgeHvgiflIQlrrR565z5BsSJhxc=
31,-27,ZkNxk2Dc1yFZzLenHi9pC5asZYI=,hxEWCIz9zuHi7GhALNGtei0rr3c=
18,-19,ZkNxk2Dc1yFZzLenHi9pC5asZYI=,7zkHBKsnB4EuJlSlxr50lWbwMZA=
26,-28,ZkNxk2Dc1yFZzLenHi9pC5asZYI=,hxEWCIz9zuHi7GhALNGtei0rr3c=
24,-23,ZkNxk2Dc1yFZzLenHi9pC5asZYI=,bgeHvgiflIQlrrR565z5BsSJhxc=
31,-28,ZkNxk2Dc1yFZzLenHi9pC5asZYI=,hxEWCIz9zuHi7GhALNGtei0rr3c=
17,-19,ZkNxk2Dc1yFZzLenHi9pC5asZYI=,7zkHBKsnB4EuJlSlxr50lWbwMZA=
25,-28,ZkNxk2Dc1yFZzLenHi9pC5asZYI=,hxEWCIz9zuHi7GhALNGtei0rr3c=
23,-23,ZkNxk2Dc1yFZzLenHi9pC5asZYI=,7zkHBKsnB4EuJlSlxr50lWbwMZA=
31,-24,ZkNxk2Dc1yFZzLenHi9pC5asZYI=,bgeHvgiflIQlrrR565z5BsSJhxc=
22,-20,ZkNxk2Dc1yFZzLenHi9pC5asZYI=,7zkHBKsnB4EuJlSlxr50lWbwMZA=
24,-28,ZkNxk2Dc1yFZzLenHi9pC5asZYI=,hxEWCIz9zuHi7GhALNGtei0rr3c=
30,-21,ZkNxk2Dc1yFZzLenHi9pC5asZYI=,bgeHvgiflIQlrrR565z5BsSJhxc=
31,-29,ZkNxk2Dc1yFZzLenHi9pC5asZYI=,hxEWCIz9zuHi7GhALNGtei0rr3c=
21,-20,ZkNxk2Dc1yFZzLenHi9pC5asZYI=,7zkHBKsnB4EuJlSlxr50lWbwMZA=
30,-29,ZkNxk2Dc1yFZzLenHi9pC5asZYI=,hxEWCIz9zuHi7GhALNGtei0rr3c=
29,-21,ZkNxk2Dc1yFZzLenHi9pC5asZYI=,bgeHvgiflIQlrrR565z5BsSJhxc=
20,-23,ZkNxk2Dc1yFZzLenHi9pC5asZYI=,7zkHBKsnB4EuJlSlxr50lWbwMZA=
31,-30,ZkNxk2Dc1yFZzLenHi9pC5asZYI=,hxEWCIz9zuHi7GhALNGtei0rr3c=
29,-29,ZkNxk2Dc1yFZzLenHi9pC5asZYI=,hxEWCIz9zuHi7GhALNGtei0rr3c=
28,-21,ZkNxk2Dc1yFZzLenHi9pC5asZYI=,bgeHvgiflIQlrrR565z5BsSJhxc=
19,-23,ZkNxk2Dc1yFZzLenHi9pC5asZYI=,7zkHBKsnB4EuJlSlxr50lWbwMZA=
31,-31,ZkNxk2Dc1yFZzLenHi9pC5asZYI=,hxEWCIz9zuHi7GhALNGtei0rr3c=
28,-29,ZkNxk2Dc1yFZzLenHi9pC5asZYI=,hxEWCIz9zuHi7GhALNGtei0rr3c=
27,-21,ZkNxk2Dc1yFZzLenHi9pC5asZYI=,bgeHvgiflIQlrrR565z5BsSJhxc=
18,-23,ZkNxk2Dc1yFZzLenHi9pC5asZYI=,7zkHBKsnB4EuJlSlxr50lWbwMZA=
31,-25,ZkNxk2Dc1yFZzLenHi9pC5asZYI=,hxEWCIz9zuHi7GhALNGtei0rr3c=
27,-29,ZkNxk2Dc1yFZzLenHi9pC5asZYI=,hxEWCIz9zuHi7GhALNGtei0rr3c=
26,-21,ZkNxk2Dc1yFZzLenHi9pC5asZYI=,bgeHvgiflIQlrrR565z5BsSJhxc=
17,-23,ZkNxk2Dc1yFZzLenHi9pC5asZYI=,7zkHBKsnB4EuJlSlxr50lWbwMZA=
26,-29,ZkNxk2Dc1yFZzLenHi9pC5asZYI=,hxEWCIz9zuHi7GhALNGtei0rr3c=
30,-32,ZkNxk2Dc1yFZzLenHi9pC5asZYI=,hxEWCIz9zuHi7GhALNGtei0rr3c=
25,-21,ZkNxk2Dc1yFZzLenHi9pC5asZYI=,bgeHvgiflIQlrrR565z5BsSJhxc=
29,-32,ZkNxk2Dc1yFZzLenHi9pC5asZYI=,hxEWCIz9zuHi7GhALNGtei0rr3c=
25,-29,ZkNxk2Dc1yFZzLenHi9pC5asZYI=,hxEWCIz9zuHi7GhALNGtei0rr3c=
20,-20,ZkNxk2Dc1yFZzLenHi9pC5asZYI=,7zkHBKsnB4EuJlSlxr50lWbwMZA=
28,-32,ZkNxk2Dc1yFZzLenHi9pC5asZYI=,hxEWCIz9zuHi7GhALNGtei0rr3c=
25,-24,ZkNxk2Dc1yFZzLenHi9pC5asZYI=,bgeHvgiflIQlrrR565z5BsSJhxc=
24,-29,ZkNxk2Dc1yFZzLenHi9pC5asZYI=,hxEWCIz9zuHi7GhALNGtei0rr3c=
19,-20,ZkNxk2Dc1yFZzLenHi9pC5asZYI=,7zkHBKsnB4EuJlSlxr50lWbwMZA=
18,-20,ZkNxk2Dc1yFZzLenHi9pC5asZYI=,7zkHBKsnB4EuJlSlxr50lWbwMZA=
27,-32,ZkNxk2Dc1yFZzLenHi9pC5asZYI=,hxEWCIz9zuHi7GhALNGtei0rr3c=
30,-30,ZkNxk2Dc1yFZzLenHi9pC5asZYI=,hxEWCIz9zuHi7GhALNGtei0rr3c=
28,-20,ZkNxk2Dc1yFZzLenHi9pC5asZYI=,bgeHvgiflIQlrrR565z5BsSJhxc=
22,-24,ZkNxk2Dc1yFZzLenHi9pC5asZYI=,7zkHBKsnB4EuJlSlxr50lWbwMZA=
29,-30,ZkNxk2Dc1yFZzLenHi9pC5asZYI=,hxEWCIz9zuHi7GhALNGtei0rr3c=
27,-20,ZkNxk2Dc1yFZzLenHi9pC5asZYI=,bgeHvgiflIQlrrR565z5BsSJhxc=
26,-32,ZkNxk2Dc1yFZzLenHi9pC5asZYI=,hxEWCIz9zuHi7GhALNGtei0rr3c=
28,-30,ZkNxk2Dc1yFZzLenHi9pC5asZYI=,hxEWCIz9zuHi7GhALNGtei0rr3c=
28,-18,ZkNxk2Dc1yFZzLenHi9pC5asZYI=,bgeHvgiflIQlrrR565z5BsSJhxc=
25,-32,ZkNxk2Dc1yFZzLenHi9pC5asZYI=,hxEWCIz9zuHi7GhALNGtei0rr3c=
21,-24,ZkNxk2Dc1yFZzLenHi9pC5asZYI=,7zkHBKsnB4EuJlSlxr50lWbwMZA=
27,-18,ZkNxk2Dc1yFZzLenHi9pC5asZYI=,bgeHvgiflIQlrrR565z5BsSJhxc=
20,-24,ZkNxk2Dc1yFZzLenHi9pC5asZYI=,7zkHBKsnB4EuJlSlxr50lWbwMZA=
27,-30,ZkNxk2Dc1yFZzLenHi9pC5asZYI=,hxEWCIz9zuHi7GhALNGtei0rr3c=
24,-32,ZkNxk2Dc1yFZzLenHi9pC5asZYI=,hxEWCIz9zuHi7GhALNGtei0rr3c=
19,-24,ZkNxk2Dc1yFZzLenHi9pC5asZYI=,7zkHBKsnB4EuJlSlxr50lWbwMZA=
23,-32,ZkNxk2Dc1yFZzLenHi9pC5asZYI=,e9GMbV/BGb9Lh231Fz1C7lIs+PI=
30,-24,ZkNxk2Dc1yFZzLenHi9pC5asZYI=,bgeHvgiflIQlrrR565z5BsSJhxc=
26,-30,ZkNxk2Dc1yFZzLenHi9pC5asZYI=,hxEWCIz9zuHi7GhALNGtei0rr3c=
22,-32,ZkNxk2Dc1yFZzLenHi9pC5asZYI=,e9GMbV/BGb9Lh231Fz1C7lIs+PI=
26,-18,ZkNxk2Dc1yFZzLenHi9pC5asZYI=,bgeHvgiflIQlrrR565z5BsSJhxc=
18,-24,ZkNxk2Dc1yFZzLenHi9pC5asZYI=,7zkHBKsnB4EuJlSlxr50lWbwMZA=
25,-30,ZkNxk2Dc1yFZzLenHi9pC5asZYI=,hxEWCIz9zuHi7GhALNGtei0rr3c=
24,-30,ZkNxk2Dc1yFZzLenHi9pC5asZYI=,hxEWCIz9zuHi7GhALNGtei0rr3c=
17,-24,ZkNxk2Dc1yFZzLenHi9pC5asZYI=,7zkHBKsnB4EuJlSlxr50lWbwMZA=
30,-23,ZkNxk2Dc1yFZzLenHi9pC5asZYI=,bgeHvgiflIQlrrR565z5BsSJhxc=
21,-32,ZkNxk2Dc1yFZzLenHi9pC5asZYI=,e9GMbV/BGb9Lh231Fz1C7lIs+PI=
17,-20,ZkNxk2Dc1yFZzLenHi9pC5asZYI=,7zkHBKsnB4EuJlSlxr50lWbwMZA=
20,-32,ZkNxk2Dc1yFZzLenHi9pC5asZYI=,e9GMbV/BGb9Lh231Fz1C7lIs+PI=
30,-31,ZkNxk2Dc1yFZzLenHi9pC5asZYI=,hxEWCIz9zuHi7GhALNGtei0rr3c=
25,-18,ZkNxk2Dc1yFZzLenHi9pC5asZYI=,bgeHvgiflIQlrrR565z5BsSJhxc=
19,-32,ZkNxk2Dc1yFZzLenHi9pC5asZYI=,e9GMbV/BGb9Lh231Fz1C7lIs+PI=
24,-18,ZkNxk2Dc1yFZzLenHi9pC5asZYI=,bgeHvgiflIQlrrR565z5BsSJhxc=
29,-31,ZkNxk2Dc1yFZzLenHi9pC5asZYI=,hxEWCIz9zuHi7GhALNGtei0rr3c=
22,-25,ZkNxk2Dc1yFZzLenHi9pC5asZYI=,e9GMbV/BGb9Lh231Fz1C7lIs+PI=
23,-20,K/jqvdtKm86e+IuGOAwkxQu97LA=,7zkHBKsnB4EuJlSlxr50lWbwMZA=
28,-31,K/jqvdtKm86e+IuGOAwkxQu97LA=,hxEWCIz9zuHi7GhALNGtei0rr3c=
18,-32,K/jqvdtKm86e+IuGOAwkxQu97LA=,e9GMbV/BGb9Lh231Fz1C7lIs+PI=
21,-25,K/jqvdtKm86e+IuGOAwkxQu97LA=,e9GMbV/BGb9Lh231Fz1C7lIs+PI=
23,-31,K/jqvdtKm86e+IuGOAwkxQu97LA=,e9GMbV/BGb9Lh231Fz1C7lIs+PI=
17,-32,K/jqvdtKm86e+IuGOAwkxQu97LA=,e9GMbV/BGb9Lh231Fz1C7lIs+PI=
30,-19,K/jqvdtKm86e+IuGOAwkxQu97LA=,bgeHvgiflIQlrrR565z5BsSJhxc=
20,-25,K/jqvdtKm86e+IuGOAwkxQu97LA=,e9GMbV/BGb9Lh231Fz1C7lIs+PI=
27,-31,K/jqvdtKm86e+IuGOAwkxQu97LA=,hxEWCIz9zuHi7GhALNGtei0rr3c=
16,-27,K/jqvdtKm86e+IuGOAwkxQu97LA=,e9GMbV/BGb9Lh231Fz1C7lIs+PI=
27,-19,K/jqvdtKm86e+IuGOAwkxQu97LA=,bgeHvgiflIQlrrR565z5BsSJhxc=
19,-25,K/jqvdtKm86e+IuGOAwkxQu97LA=,e9GMbV/BGb9Lh231Fz1C7lIs+PI=
16,-28,K/jqvdtKm86e+IuGOAwkxQu97LA=,e9GMbV/BGb9Lh231Fz1C7lIs+PI=
26,-31,K/jqvdtKm86e+IuGOAwkxQu97LA=,hxEWCIz9zuHi7GhALNGtei0rr3c=
18,-25,K/jqvdtKm86e+IuGOAwkxQu97LA=,e9GMbV/BGb9Lh231Fz1C7lIs+PI=
29,-23,K/jqvdtKm86e+IuGOAwkxQu97LA=,bgeHvgiflIQlrrR565z5BsSJhxc=
16,-29,K/jqvdtKm86e+IuGOAwkxQu97LA=,e9GMbV/BGb9Lh231Fz1C7lIs+PI=
17,-25,K/jqvdtKm86e+IuGOAwkxQu97LA=,e9GMbV/BGb9Lh231Fz1C7lIs+PI=
29,-24,K/jqvdtKm86e+IuGOAwkxQu97LA=,bgeHvgiflIQlrrR565z5BsSJhxc=
25,-31,K/jqvdtKm86e+IuGOAwkxQu97LA=,hxEWCIz9zuHi7GhALNGtei0rr3c=
24,-31,K/jqvdtKm86e+IuGOAwkxQu97LA=,hxEWCIz9zuHi7GhALNGtei0rr3c=
16,-30,K/jqvdtKm86e+IuGOAwkxQu97LA=,e9GMbV/BGb9Lh231Fz1C7lIs+PI=
22,-21,K/jqvdtKm86e+IuGOAwkxQu97LA=,7zkHBKsnB4EuJlSlxr50lWbwMZA=
28,-23,K/jqvdtKm86e+IuGOAwkxQu97LA=,bgeHvgiflIQlrrR565z5BsSJhxc=
24,-21,K/jqvdtKm86e+IuGOAwkxQu97LA=,bgeHvgiflIQlrrR565z5BsSJhxc=
23,-26,K/jqvdtKm86e+IuGOAwkxQu97LA=,e9GMbV/BGb9Lh231Fz1C7lIs+PI=
16,-31,K/jqvdtKm86e+IuGOAwkxQu97LA=,e9GMbV/BGb9Lh231Fz1C7lIs+PI=
21,-21,K/jqvdtKm86e+IuGOAwkxQu97LA=,7zkHBKsnB4EuJlSlxr50lWbwMZA=
16,-26,K/jqvdtKm86e+IuGOAwkxQu97LA=,e9GMbV/BGb9Lh231Fz1C7lIs+PI=
20,-21,K/jqvdtKm86e+IuGOAwkxQu97LA=,7zkHBKsnB4EuJlSlxr50lWbwMZA=
23,-27,K/jqvdtKm86e+IuGOAwkxQu97LA=,e9GMbV/BGb9Lh231Fz1C7lIs+PI=
30,-22,K/jqvdtKm86e+IuGOAwkxQu97LA=,bgeHvgiflIQlrrR565z5BsSJhxc=
26,-19,K/jqvdtKm86e+IuGOAwkxQu97LA=,bgeHvgiflIQlrrR565z5BsSJhxc=
27,-17,K/jqvdtKm86e+IuGOAwkxQu97LA=,bgeHvgiflIQlrrR565z5BsSJhxc=
23,-17,K/jqvdtKm86e+IuGOAwkxQu97LA=,7zkHBKsnB4EuJlSlxr50lWbwMZA=
16,-21,K/jqvdtKm86e+IuGOAwkxQu97LA=,7zkHBKsnB4EuJlSlxr50lWbwMZA=
29,-22,K/jqvdtKm86e+IuGOAwkxQu97LA=,bgeHvgiflIQlrrR565z5BsSJhxc=
28,-22,K/jqvdtKm86e+IuGOAwkxQu97LA=,bgeHvgiflIQlrrR565z5BsSJhxc=
26,-17,K/jqvdtKm86e+IuGOAwkxQu97LA=,bgeHvgiflIQlrrR565z5BsSJhxc=
16,-22,K/jqvdtKm86e+IuGOAwkxQu97LA=,7zkHBKsnB4EuJlSlxr50lWbwMZA=
22,-17,K/jqvdtKm86e+IuGOAwkxQu97LA=,7zkHBKsnB4EuJlSlxr50lWbwMZA=
21,-17,K/jqvdtKm86e+IuGOAwkxQu97LA=,7zkHBKsnB4EuJlSlxr50lWbwMZA=
25,-17,K/jqvdtKm86e+IuGOAwkxQu97LA=,bgeHvgiflIQlrrR565z5BsSJhxc=
27,-22,K/jqvdtKm86e+IuGOAwkxQu97LA=,bgeHvgiflIQlrrR565z5BsSJhxc=
16,-18,K/jqvdtKm86e+IuGOAwkxQu97LA=,7zkHBKsnB4EuJlSlxr50lWbwMZA=
24,-17,K/jqvdtKm86e+IuGOAwkxQu97LA=,bgeHvgiflIQlrrR565z5BsSJhxc=
26,-22,K/jqvdtKm86e+IuGOAwkxQu97LA=,bgeHvgiflIQlrrR565z5BsSJhxc=
16,-19,K/jqvdtKm86e+IuGOAwkxQu97LA=,7zkHBKsnB4EuJlSlxr50lWbwMZA=
30,-17,K/jqvdtKm86e+IuGOAwkxQu97LA=,bgeHvgiflIQlrrR565z5BsSJhxc=
20,-17,K/jqvdtKm86e+IuGOAwkxQu97LA=,7zkHBKsnB4EuJlSlxr50lWbwMZA=
24,-24,K/jqvdtKm86e+IuGOAwkxQu97LA=,bgeHvgiflIQlrrR565z5BsSJhxc=
16,-23,K/jqvdtKm86e+IuGOAwkxQu97LA=,7zkHBKsnB4EuJlSlxr50lWbwMZA=
29,-17,K/jqvdtKm86e+IuGOAwkxQu97LA=,bgeHvgiflIQlrrR565z5BsSJhxc=
28,-17,K/jqvdtKm86e+IuGOAwkxQu97LA=,bgeHvgiflIQlrrR565z5BsSJhxc=
23,-24,K/jqvdtKm86e+IuGOAwkxQu97LA=,7zkHBKsnB4EuJlSlxr50lWbwMZA=
16,-24,K/jqvdtKm86e+IuGOAwkxQu97LA=,7zkHBKsnB4EuJlSlxr50lWbwMZA=
19,-17,K/jqvdtKm86e+IuGOAwkxQu97LA=,7zkHBKsnB4EuJlSlxr50lWbwMZA=
18,-17,K/jqvdtKm86e+IuGOAwkxQu97LA=,7zkHBKsnB4EuJlSlxr50lWbwMZA=
26,-20,K/jqvdtKm86e+IuGOAwkxQu97LA=,bgeHvgiflIQlrrR565z5BsSJhxc=
16,-20,K/jqvdtKm86e+IuGOAwkxQu97LA=,7zkHBKsnB4EuJlSlxr50lWbwMZA=
16,-17,K/jqvdtKm86e+IuGOAwkxQu97LA=,7zkHBKsnB4EuJlSlxr50lWbwMZA=
23,-25,K/jqvdtKm86e+IuGOAwkxQu97LA=,e9GMbV/BGb9Lh231Fz1C7lIs+PI=
17,-17,K/jqvdtKm86e+IuGOAwkxQu97LA=,7zkHBKsnB4EuJlSlxr50lWbwMZA=
16,-25,K/jqvdtKm86e+IuGOAwkxQu97LA=,e9GMbV/BGb9Lh231Fz1C7lIs+PI=
31,-32,K/jqvdtKm86e+IuGOAwkxQu97LA=,hxEWCIz9zuHi7GhALNGtei0rr3c=
16,-32,K/jqvdtKm86e+IuGOAwkxQu97LA=,e9GMbV/BGb9Lh231Fz1C7lIs+PI=
23,-21,K/jqvdtKm86e+IuGOAwkxQu97LA=,7zkHBKsnB4EuJlSlxr50lWbwMZA=
31,-17,K/jqvdtKm86e+IuGOAwkxQu97LA=,bgeHvgiflIQlrrR565z5BsSJhxc=
25,-19,K/jqvdtKm86e+IuGOAwkxQu97LA=,bgeHvgiflIQlrrR565z5BsSJhxc=
28,-24,K/jqvdtKm86e+IuGOAwkxQu97LA=,bgeHvgiflIQlrrR565z5BsSJhxc=
25,-20,K/jqvdtKm86e+IuGOAwkxQu97LA=,bgeHvgiflIQlrrR565z5BsSJhxc=
30,-25,K/jqvdtKm86e+IuGOAwkxQu97LA=,hxEWCIz9zuHi7GhALNGtei0rr3c=
29,-25,K/jqvdtKm86e+IuGOAwkxQu97LA=,hxEWCIz9zuHi7GhALNGtei0rr3c=
24,-20,K/jqvdtKm86e+IuGOAwkxQu97LA=,bgeHvgiflIQlrrR565z5BsSJhxc=
28,-25,K/jqvdtKm86e+IuGOAwkxQu97LA=,hxEWCIz9zuHi7GhALNGtei0rr3c=
24,-19,K/jqvdtKm86e+IuGOAwkxQu97LA=,bgeHvgiflIQlrrR565z5BsSJhxc=
